"codigoclube","abreviatura","classificacao","cnpj","datafundacao","diretortecnico","email","bairro","cep","cidade","complemento","estado","logradouro","numero","uf","nomeclube","presidente","responsavel","telefone","diamensalidade","codigosuperior","men_debito_1av","men_debito_2av","men_debito_3av","valor_mensalidade_clube","valor_anuidade_atleta","ccusto_atleta","ccusto_clube","conta_atleta","conta_clube","mascara_conta","cta_des_desconto","cta_des_juros","cta_des_multa","cta_rec_desconto","cta_rec_juros","cta_rec_multa","logo","cod_municipio"
4,SHOTOKAN,CLUBE_PRINCIPAL,"16298937000125",1991-06-27,"","",CENTRO,"00000000","2911857","","","TRAVESSA LEOPOLDINO PEREIRA,  N 01","","",ASSOCIAÇÃO DE KARATE SHOTOKAN,"",JOSÉ AUGUSTO BATISTA CABRAL,"",0,2,"","","",0.0,0.0,,,0,0,"0.0.0.00.0000",0,0,0,0,0,0,"",""
1,CBKT,CONFEDERACAO,"04497503000175",1900-01-01,"12064025553",secretaria@cbkt.org.br,ARMAÇÃO,"41750180","2927408",.,"",RUA GRANJA MARAZUL,.,"",CONFEDERAÇÃO BRASILEIRA DE KARATÊ-DÔ TRADICIONAL,"19585713500",SÉRGIO BASTOS,"71981554563",0,0,<p>Até a presente data não acusamos o recebimento da sua contribuição ora relacionada abaixo.</p>,<p>Até a presente data não acusamos o recebimento da sua(s) contribuição(ões) ora relacionada abaixo.</p>,<p>Até a presente data não acusamos o recebimento da sua contribuição ora relacionada abaixo.</p>,0.0,0.0,0,0,0,0,"0.0.0.00.000",0,0,0,0,0,0,"",""
2,FKTB,FEDERACAO,"16297830000162",1988-02-20,"91815703504",contato@fktb.org,CENTRO,"40020160","2927408","EDF PALÁCIO DOS ESPORTE, TÉRREO - SALA 2","",PRAÇA CASTRO ALVES,SN,"",FEDERAÇÃO DE KARATÊ-DÔ TRADICIONAL DA BAHIA,"48709360549",ELIAS CARVALHO FILHO,"7133222155",0,1,<p>Até a presente data não acusamos o recebimento da sua contribuição ora relacionada abaixo.</p>,<p>Até a presente data não acusamos o recebimento da sua(s) contribuição(ões) ora relacionada abaixo.</p>,<p>Até a presente data não acusamos o recebimento da sua contribuição ora relacionada abaixo.</p>,100.0,50.0,1,1,133,133,"0.0.0.00.000",0,0,0,0,0,0,"",""
5,ESPARTA,CLUBE_PRINCIPAL,"13501341000192",2000-12-31,"","",Piatã,"00000000","2927408","","",João de Souza Rêgo nº 8,"","",ASSOCIAÇÃO DESPORTIVA ESPARTA,"",Eckner de P. Cardoso Sobrinho,"",0,2,"","","",0.0,0.0,,,0,0,"0.0.0.00.0000",0,0,0,0,0,0,"",""
10,KARATE DE SALVADOR,CLUBE_PRINCIPAL,"13323290000156",1981-07-24,"",zekarate1@gmail.com,BOCA DO RIO,"41710090","2927408","","",RUA PEDRO BATISTA DE ALMEIDA,"03","",CLUBE KARATE DE SALVADOR,"",JOSE ALVES DOS SANTOS,"7132410426",0,2,"","","",0.0,0.0,,,0,0,"0.0.0.00.0000",0,0,0,0,0,0,"",""
11,FUNAKOSHI,CLUBE_PRINCIPAL,"05159681000159",2002-07-22,"",D.NAILSON.M@BOL.COM.BR,CENTRO,"48450000","2907905",GRANDE HOTEL,"",PRACA JURACY MAGALHAES,SN,"",ASSOCIAÇÃO DE KARATE SPORT CENTER FUNAKOSHI,""," NAILSON FERREIRA SANTOS, FAIXA PRETA 2° DAN","75998040473",0,2,"","","",0.0,0.0,,,0,0,"0.0.0.00.0000",0,0,0,0,0,0,"",""
13,MADREDEUSENSE,CLUBE_PRINCIPAL,"59762237000126",2003-08-12,"",amdk@oi.com.br,CENTRO,"00000000","2919926","","",JERUSALEM Nº85,"","",ASSOCIAÇÃO MADREDEUSENSE DE KARATÊ,"","","91990574",0,2,"","","",0.0,0.0,,,0,0,"0.0.0.00.0000",0,0,0,0,0,0,"",""
14,DA BAHIA,CLUBE_PRINCIPAL,"14644983000103",2004-06-13,"",aragao-35@hotmail.com,GARCIA,"00000000","2927408","","",AV.LEOVIGILDO FIGUEIRAS Nº462,"","",ASSOCIAÇÃO DESPORTIVA DA BAHIA,"","","33284126",0,2,"","","",0.0,0.0,,,0,0,"0.0.0.00.0000",0,0,0,0,0,0,"",""
15,ZANCHIN,CLUBE_PRINCIPAL,"01061628000160",1998-08-30,"",zenasazaka@yahoo.com.br,CENTRO,"48110000","2907509","","",R AMBROSIO BATISTA,"80","",ASSOCIAÇÃO ZANCHIN DE KARATE-DO,"",ZENAS DA SILVA SILVEIRA,"71999419248",0,2,"","","",0.0,0.0,,,0,0,"0.0.0.00.0000",0,0,0,0,0,0,"",""
16,DE ARTES M. DE CRUZ ,CLUBE_PRINCIPAL,"13063543000184",1994-07-12,"",assamaca@hotmail.com,CENTRO,"00000000","2909802","","","RUA MANOEL VELABOIN, 200","","",ASSOCIAÇÃO DE ARTES M. DE CRUZ DAS ALMAS,"","","75 36211465",0,2,"","","",0.0,0.0,,,0,0,"0.0.0.00.0000",0,0,0,0,0,0,"",""
17,DUBLÊ DE CORPO,CLUBE_PRINCIPAL,"00859032000147",1999-11-18,"",asdeck@ig.com.br,SÃO CAETANO,"00000000","2927408","","","DIRETA DE SÃO CAETANO, Nº 347, 1º ANDAR (AO LADO DA 4ª DELEGACIA)","","",ASSOCIAÇÃO DUBLÊ DE CORPO DE KARATÊ-DÔ,"","","33039342",0,2,"","","",0.0,0.0,,,0,0,"0.0.0.00.0000",0,0,0,0,0,0,"",""
18,AÇÃO,CLUBE_PRINCIPAL,"32700791000159",1990-01-24,"25531123515",papulrodrigues@hotmail.com,ITAIGARA,"41815340","2927408","","",RUA ÉRICO VERÍSSIMO,"100","",ASSOCIAÇÃO DE KARATÊ-DÔ TRADICIONAL AÇÃO - AKA,"",ÁLVARO DE PAULA,"33516102",0,2,"","","",0.0,0.0,,,0,0,"0.0.0.00.0000",0,0,0,0,0,0,"",""
19,ASKAGI,CLUBE_PRINCIPAL,"13867585000193",1991-01-17,"",academiadapraca@hotmail.com,CENTRO,"41000000","2909802","1º ANDAR","",PRAÇA SENADOR TEMISTOCLES,"672","",ASKAGI - ASSOCIAÇÃO DE KARATÊ E GINÁSTICA,"07583923549",CRISPIM ALMEIDA E JOSÉ COSTA,"7591434301",0,2,"","","",0.0,0.0,,,0,0,"0.0.0.00.0000",0,0,0,0,0,0,"",""
20,SANTANTONIENSE,CLUBE_PRINCIPAL,"42752295000100",1994-10-31,"",guilherme.fktbb@bol.com.br,ANDAIÁ,"00000000","2928703","","","COSME DAMIÃO, 523","","",ASSOCIAÇÃO SANTANTONIENSE DE KARATÊ TRADICIONAL,"","",(75) 36313458,0,2,"","","",0.0,0.0,,,0,0,"0.0.0.00.0000",0,0,0,0,0,0,"",""
21,ARTE,CLUBE_PRINCIPAL,"13501556000103",1990-02-07,"",jlobo@pm.ba.gov.br, BAIXA DE QUINTAS,"00000000","2927408","","","ESTRADA DA RAINHA, 05","","",ASSOCIAÇÃO DESPORTIVA ARTE,"","","91977455",0,2,"","","",0.0,0.0,,,0,0,"0.0.0.00.0000",0,0,0,0,0,0,"",""
22,OLIMPICO,CLUBE_PRINCIPAL,"14519185000150",1990-03-30,"39357058591","",CENTRO,"48005420","2900702","","",RUA LUÍS VIANA,"520","",ASSOCIAÇÃO DE KARATE OLIMPICO,"",JOSE OSSIMAR COSTA SOUZA,"7599714464",0,2,"","","",0.0,0.0,,,0,0,"0.0.0.00.0000",0,0,0,0,0,0,"",""
24,MUSASHI ,CLUBE_PRINCIPAL,"33793985000109",1999-10-12,"",jonathanmjunior@ig.com.br,COSTA AZUL,"41760030","2927408",.,"",RUA VICENTE BATALHA,"393","",MUSASHI KARATÊ CLUBE,"", JONATHAN MIRANDA JUNIOR,"71981554563",0,2,"","","",0.0,0.0,,,0,0,"0.0.0.00.0000",0,0,0,0,0,0,"",""
26,ASKASUDOESTE,CLUBE_PRINCIPAL,"16242984000157",1995-02-01,"",erisvaldokarate@ig.com.br,TOMBA,"44091002","2925105","","",AVENIDA DEPUTADO COLBERT MARTINS DA SILVA,"365","",ASSOCIAÇÃO DE KARATE SUDOESTE ASKASUDOESTE,"",ERISVALDO,"7734263131",0,2,"","","",0.0,0.0,,,0,0,"0.0.0.00.0000",0,0,0,0,0,0,"",""
28,NAIKA,CLUBE_PRINCIPAL,"07177225000167",2004-10-14,"66858321500","",ENGENHO VELHO DE BROTAS,"41180320","2927408","","",RUA ALMIRANTE ALVES CAMARA ,"13","",ASSOCIAÇÃO DESPORTIVA NAIKA,"58687394500",SERGIO ARAÚJO,"71991055823",0,2,"","","",0.0,0.0,,,0,0,"0.0.0.00.0000",0,0,0,0,0,0,"",""
29,NINTAI KARATÊ,CLUBE_PRINCIPAL,"00640975000184",1995-08-08,"88645762587",norbsoncastro@gmail.com,CENTRO,"48000100","2900702","","",AV AYRTON SENNA,"00","",NINTAI KARATÊ CLUBE,"",NORBSON DE CASTRO SANTOS,"75999212480",0,2,"","","",0.0,0.0,,,0,0,"0.0.0.00.0000",0,0,0,0,0,0,"",""
30,OKINAWA,CLUBE_PRINCIPAL,"16132540000169",1993-08-12,"",antonio-oliveira62@hotmail.com,CENTRO,"48410000","2907806",PREDIO,"",AVENIDA NOSSA SENHORA DO BOM CONSELHO,"200","",ASSOCIAÇÃO DESPORTIVA OKINAWA,"",ANTONIO CARLOS GAMA OLIVEIRA,"75999995457",0,2,"","","",0.0,0.0,,,0,0,"0.0.0.00.0000",0,0,0,0,0,0,"",""
31,ESPORTIVA REFLEXO,CLUBE_PRINCIPAL,"13501259000168",1988-02-18,"",reflexoacademia@gmail.com,HORTO FLORESTAL,"40295010","2927408",AO LADO DO COLEGIO BOM PASTOR,"",RUA WALDEMAR FALCÃO,"449","",ASSOCIAÇÃO ESPORTIVA REFLEXO,"",ENOBALDO DA SILVA ATAIDE,"71999944135",0,2,"","","",0.0,0.0,,,0,0,"0.0.0.00.0000",0,0,0,0,0,0,"",""
32,SEKAI  DESPORTIVO,CLUBE_PRINCIPAL,"63205264000100",1992-01-29,"",diego.sekai@gmail.com,JARDIM ARMAÇÃO,"00000000","2927408","","", PEDRO SILVA RIBEIRO 28,"","",SEKAI CLUBE DESPORTIVO,"",GEOVANA NEVES BIÃO,"34614029",0,2,"","","",0.0,0.0,,,0,0,"0.0.0.00.0000",0,0,0,0,0,0,"",""
35,BUSHIDÔ-KAN,CLUBE_PRINCIPAL,"63653639366656",2009-01-06,"","",LIBERDADE,"00000000","2927408","","","1º DE SETEMBRO","","",ASSOCIAÇÃO DE KARATE BUSHIDÔ-KAN,"","","",0,2,"","","",0.0,0.0,,,0,0,"0.0.0.00.0000",0,0,0,0,0,0,"",""
39,SESC - CONQUISTA,CLUBE_PRINCIPAL,"03591002001162",2009-04-24,"","",CENTRO,"45000402","2933307","","",CENTRO,"002","",SESC - CONQUISTA,"",XXXXXXX,"",0,2,"","","",0.0,0.0,,,0,0,"0.0.0.00.0000",0,0,0,0,0,0,"",""
40,EDUCATIVO,CLUBE_PRINCIPAL,"32165465131321",2009-03-14,"","",CENTRO,"00000000","2933307","","",CENTRO,"","",CLUBE EDUCATIVO DE KARATE,"","","",0,2,"","","",0.0,0.0,,,0,0,"0.0.0.00.0000",0,0,0,0,0,0,"",""
41,PIRAJÁ ASKAP,CLUBE_PRINCIPAL,"10347392000113",2008-10-21,"02779767588",askap_2008@hotmail.com,RECREIO,"45020705","2933307","","",RUA AUGUSTO SEIXAS,"100","",ASKAP ASSOCIAÇÃO DE KARATÊ-DO TRADICIONAL PIRAJÁ ,"02779767588",MICHELLY DIAS DO CARMO PIRAJA CUNHA,"77981143805",0,2,"","","",0.0,0.0,,,0,0,"0.0.0.00.0000",0,0,0,0,0,0,"",""
42,DE CONCEIÇÃO DE JACU,CLUBE_PRINCIPAL,"02539266000190",2008-09-14,"","",CENTRO,"00000000","2908507","","",JOÃO HIPOLITO DE AZEVEDO N°71,"","",ASSOCIAÇÃO DE KARATE DE CONCEIÇÃO DE JACUIPE,"","","",0,2,"","","",0.0,0.0,,,0,0,"0.0.0.00.0000",0,0,0,0,0,0,"",""
43,ARTSPORT,CLUBE_PRINCIPAL,"55235412554100",2009-05-31,"","",RODRIGO,"00000000","2927408","","",RODRIGO FERREIRAA,"","",CLUBE ARTSPORT,"","","",0,2,"","","",0.0,0.0,,,0,0,"0.0.0.00.0000",0,0,0,0,0,0,"",""
44,SHOGUN,CLUBE_PRINCIPAL,"54646543444162",2010-03-05,"","",LOTE E STELA MARIS,"00000000","2927408","","",PRAIA DE GUARAPARI N° 302,"","",ASSOCIAÇÃO DESPORTIVA SHOGUN,"","","",0,2,"","","",0.0,0.0,,,0,0,"0.0.0.00.0000",0,0,0,0,0,0,"",""
45,E D. DE HELIÓPOLIS,CLUBE_PRINCIPAL,"11514281000117",2010-05-28,"","",CENTRO,"00000000","2911857","","",CENTRO,"","",ASSOCIAÇÃO DE KARATE E D. DE HELIÓPOLIS,"","","",0,2,"","","",0.0,0.0,,,0,0,"0.0.0.00.0000",0,0,0,0,0,0,"",""
47,GASHUKO A. MARCIAIS,CLUBE_PRINCIPAL,"51651631063032",2011-12-19,"","",SAO CRISTOVAO,"00000000","2927408","","",PARQUE SO JORGE,"","",ASSOCIAÇÃO DE KARATE GASHUKO A. MARCIAIS,"",JOSÉ AUGUSTO BATISTA CABRAL,"",0,2,"","","",0.0,0.0,,,0,0,"0.0.0.00.0000",0,0,0,0,0,0,"",""
48,GOHON KARATÊ,CLUBE_PRINCIPAL,"54584845615648",2012-05-17,"","",HYFUTIU,"00000000","2927408","","",JKGHVBH,"","",GOHON KARATÊ CLUBE,"","","325512585",0,2,"","","",0.0,0.0,,,0,0,"0.0.0.00.0000",0,0,0,0,0,0,"",""
57,KARATE  MAJOR COSME ,CLUBE_PRINCIPAL,"28092405000116",2017-09-01,"",antoniojoseninja2020@hotmail.com,COSME DE FARIAS,"41650230","2927408",ALTO DO CRUZEIRO,"",RUA SAO APULO,"1","",KARATE-DÔ TRADICIONAL MAJOR COSME DE FARIAS,"",ANTONIO JOSE GONCALVES,"71998842938",0,2,"","","",0.0,0.0,,,0,0,"0.0.0.00.0000",0,0,0,0,0,0,"",""
12,ASKARAM,CLUBE_PRINCIPAL,"",1974-07-01,"05414466572",askaram_karatetradicional@yahoo.com.br,CIDADE NOVA,"44053786","2910800","","",RUA F,"11","",ASKARAM - ASSOCIAÇÃO DE KARATE RAMOS,"",JOÃO CRISPIM RAMOS,"7591352043",0,2,"","","",0.0,0.0,,,0,0,"0.0.0.00.0000",0,0,0,0,0,0,"",""
23,DRAKON,CLUBE_PRINCIPAL,"",1984-05-02,"",academia.drakon@bol.com.br,ITAPUÃ,"41620450","2927408","","",RUA ITAPERUNA,"26","",DRAKON ASSOCIAÇÃO DESPORTIVA,"19585713500",SERGIO LUIS FONSECA BASTOS,"7133752184",0,2,"","","",0.0,0.0,,,0,0,"0.0.0.00.0000",0,0,0,0,0,0,"",""
25,POMBAL KARATÊ,CLUBE_PRINCIPAL,"16298523000104",1989-05-03,"",ailtoncaetanok@hotmail.com,CENTRO,"48400000","2926608","1º ANDAR","",AV EVENCIA BRITO ,S/N,"",POMBAL KARATÊ CLUBE,"",AILTON SANTOS CAETANO,"75999099173",0,2,"","","",0.0,0.0,,,0,0,"0.0.0.00.0000",0,0,0,0,0,0,"",""
27,SESC SALVADOR,CLUBE_PRINCIPAL,"",1988-02-15,"",sergiolbastos@gmail.com,AQUIDABÃ,"40050425","2927408","","",AV. CASTELO BRANCO S/N,"001","",SESC SALVADOR,"",SERGIO LUIZ FONSECA BASTOS,"91972529",0,2,"","","",0.0,0.0,,,0,0,"0.0.0.00.0000",0,0,0,0,0,0,"",""
33,EVOLUÇÃO,CLUBE_PRINCIPAL,"",2005-02-15,"",hamilton@mcsa.com.br,CENTRO,"00000000","2917706","","","Madacarú, 428 Distrito Pilar","","",ASSOCIAÇÃO DESPORTIVA EVOLUÇÃO,"","","74 91722999",0,2,"","","",0.0,0.0,,,0,0,"0.0.0.00.0000",0,0,0,0,0,0,"",""
34,GARRA KARATÊ,CLUBE_PRINCIPAL,"",1988-02-18,"",temistoclesfonseca@hotmail.com,CAP SÃO CAETANO,"00000000","2927408","","","LIMA, 02 - 1167 ANDAR","","",GARRA KARATÊ CLUBE,"","","32144315",0,2,"","","",0.0,0.0,,,0,0,"0.0.0.00.0000",0,0,0,0,0,0,"",""
38,SESC - FEIRA,CLUBE_PRINCIPAL,"",2009-04-16,"","",CENTRO,"44002160","2910800","","",PRAÇA DA BANDEIRA,"3","",SESC - FEIRA,"",JOAO CRISPIM RAMOS,"",0,2,"","","",0.0,0.0,,,0,0,"0.0.0.00.0000",0,0,0,0,0,0,"",""
49,ASS. ATLÉTICA  T. KA,CLUBE_PRINCIPAL,"",2013-06-04,"","",CENTRO,"00000000","2910503","","",TRAVESSA DA R PRINCESA,"","",ASS. ATLÉTICA DE KARATE-DO T. KANKUDAI-ASKAN,"","","",0,2,"","","",0.0,0.0,,,0,0,"0.0.0.00.0000",0,0,0,0,0,0,"",""
50,IMPERIO,CLUBE_PRINCIPAL,"",2006-04-26,"",ikc.ssp@hotmail.com,SAO ROQUE,"43850000","2929503","","",R JOSE FERREIRA LISBOA,"196","",ASSOCIAÇÃO IMPERIO DE KARATE-DÔ TRADICIONAL,"",ILTON MOURA,"71996588072",0,2,"","","",0.0,0.0,,,0,0,"0.0.0.00.0000",0,0,0,0,0,0,"",""
51,B. E A. MARCIAIS-ASK,CLUBE_PRINCIPAL,"",2016-07-28,"","",AGUAS CLARAS,"00000000","2927408","","",RUA BENEDITO JENKIS,"","",ASSOCIAÇÃO DE KARATE B. E A. MARCIAIS-ASKABEM,"","","",0,2,"","","",0.0,0.0,,,0,0,"0.0.0.00.0000",0,0,0,0,0,0,"",""
52,ASS. KAKUSHI B. KAN,CLUBE_PRINCIPAL,"",2016-12-03,"","",PIATÃ,"41650230","2911857","","",ALAMEDA DAS SAMAMBAIAS,"48","",ASS. KAKUSHI B. KAN DE KARATE-DÔ TRADICIONAL,"",EDSON LUIZ DOS SANTOS SILVA,"",0,2,"","","",0.0,0.0,,,0,0,"0.0.0.00.0000",0,0,0,0,0,0,"",""
53,SHUDOKAN,CLUBE_PRINCIPAL,"27305375000116",2017-02-10,"",alexsalesss@hotmail.com,MUCHILA,"44006052","2910800",CONJUNTO FEIRA X ,"",RUA N,"01 C","",ASSOCIACÃO DE KARATÊ SHUDOKAN,"",ASSOCIACÃO DE KARATÊ SHUDOKAN,"75981577401",10,2,"","","",0.0,0.0,,,0,0,"0.0.0.00.0000",0,0,0,0,0,0,"",""
54,ASKARF,CLUBE_PRINCIPAL,"23005046000107",2017-01-16,"76783685500",rfraga2016@gmail.com,COSME DE FARIAS,"40251670","2927408","","",RUA JACIARA SANTANA,"18E","",ASSOCIAÇÃO DESPORTIVA ASKARF,"76783685500",ROBSON FRAGA DOS SANTOS,"71987063709",0,2,"","","",0.0,0.0,,,0,0,"0.0.0.00.0000",0,0,0,0,0,0,"",""
55,EQUILIBRIO,CLUBE_PRINCIPAL,"25104025000166",2017-03-14,"96565241520",nailtonmelo@gmail.com,ASA BRANCA,"44044184","2910800",PRIMEIRO PISO,"",RUA BOGOTÁ,"118","",ASSOCIAÇÃO EQUILIBRIO DE ARTES MARCIAIS,"96565241520",NAILTON MELO DE OLIVEIRA,"75988313727",0,2,"","","",0.0,0.0,,,0,0,"0.0.0.00.0000",0,0,0,0,0,0,"",""
56,BONFIM,CLUBE_PRINCIPAL,"",2014-06-16,"", jivan.docarneiro@hotmail.com,BOSQUE,"48970000","2930105","","",RUA CAPITÃO DE MENEZES,"169","",CLUBE DE KARATE-DÔ TRADICIONAL BONFIM,"",JIVANDO CARNEIRO RIBEIRO,"74991185456",0,2,"","","",0.0,0.0,,,0,0,"0.0.0.00.0000",0,0,0,0,0,0,"",""
58,SATORI  -SATORI DOJO,CLUBE_PRINCIPAL,"29169918000140",2017-09-18,"51938979591",satoridojo@gmail.com,OLHOS D'ÁGUA,"44003432","2910800","1PISO","",TRAVESSA NAÇÕES UNIDAS,"140","",INSTITUTO SATORI DE ARTES MARCIAIS -SATORI DOJO,"60642769591",RONIVALDO MENDES MONTEIRO,"75991926778",10,2,"","","",0.0,0.0,,,0,0,"0.0.0.00.0000",0,0,0,0,0,0,"",""
174,HYKN,CLUBE_PRINCIPAL,"",2000-06-20,"","",FRAGATA,"96025330","4314407","","",RUA SETE DE ABRIL,"49","",HIRYU KAN,"",JEFERSON VIEIRA,"",0,87,"","","",0.0,0.0,0,0,0,0,"",0,0,0,0,0,0,"",""
46,JINSEIKAN,CLUBE_PRINCIPAL,"",2011-08-15,"",silvano_ribeiro@hotmail.com,VILA LAURA,"40270010","2927408","","",RUA RAUL LEITE,"25","",ASSOCIAÇÃO DESPORTIVA JINSEIKAN,"",SILVANO RIBEIRO,"88995325875",0,2,"","","",0.0,0.0,,,0,0,"0.0.0.00.0000",0,0,0,0,0,0,"",""
59,BANZAI,CLUBE_PRINCIPAL,"26585815000173",2016-11-22,"",centrotreinamentobanzai@gmail.com,PATAGONIA,"45500000","2933307","","",AV PARAMIRIM ,"110","",CENTRO DE TREINAMENTO BANZAI,"",DILSON PIRES DE SOUZA JUNIOR,"77988265017",0,2,"","","",0.0,0.0,0,0,0,0,"",0,0,0,0,0,0,"",""
60,XXXXXXXXX,CLUBE_PRINCIPAL,"25104025000166",2029-10-20,"","",PIATÃ,"46100970","2904605","","",GGGGGG,"55","",XXXXXXXXX,"",RRRRRRRR,"6666",0,2,"","","",0.0,0.0,0,0,0,0,"",0,0,0,0,0,0,"",""
61,DE BRUMADO - SHIDOKA,CLUBE_PRINCIPAL,"35563483000117",2019-11-07,"","",CENTRO,"46100000","2904605","","",CASSIMIRO PINHEIRO AZEVEDO,"199","",ASSOCIAÇÃO DE KARATÊ-DÔ TRADICIONAL DE BRUMADO - SHIDOKAN TIGER,"",ÁRLEN DE ANDRADE SANTOS,"77999454472",0,2,"","","",0.0,0.0,0,0,0,0,"",0,0,0,0,0,0,"",""
62,YU MAKOTO,CLUBE_PRINCIPAL,"35941734000150",2019-09-16,"","",MUCHILA,"44006170","2910800",A,"",RUA A,"67","",ASSOCIAÇÃO DE KARATE-DÔ YU MAKOTO,"",NELLISY SILVA DE OLIVEIRA,"",0,2,"","","",0.0,0.0,0,0,0,0,"",0,0,0,0,0,0,"",""
66,AGIKA -  DE GINÁSTIC,CLUBE_PRINCIPAL,"",1991-01-17,"","",CENTRO,"44380000","2909802","1 ANDAR","",PRAÇA SENADOR TEMÍSTOCLES,"127","",AGIKA - ASSOCIAÇÃO DE GINÁSTICA E KARATÊ,"",CRISPIM CERQUEIRA ALMEIDA,"75991434310",0,2,"","","",0.0,0.0,0,0,0,0,"",0,0,0,0,0,0,"",""
64,BUSHIDO,CLUBE_PRINCIPAL,"",2020-08-12,"",bushidoceleste@gmail.com,BROTAS,"40285000","2927408",SUBSOLO,"",AVENIDA DOM JOÃO VI,"153","",CENTRO DE TREINAMENTO BUSHIDO ,"",MARCIA CELESTE SANTANA,"71993358690",15,2,"","","",0.0,0.0,0,0,0,0,"",0,0,0,0,0,0,"",""
65,FKTES,FEDERACAO,"39781117000195",1989-06-12,"",carlos.karate@yahoo.com.br,EURICO SALLES,"29160172","3205002","","",RUA DOS CANÁRIOS,"06","",FED DE KARATÊ-DÔ TRADICIONAL DO ESPÍRITO SANTO,"",CARLOS JOSÉ DE OLIVEIRA MATOS,"27999211314",0,1,"","","",0.0,0.0,0,0,0,0,"",0,0,0,0,0,0,"",""
67,HEIKA,CLUBE_PRINCIPAL,"",2021-01-20,"",martinna.rey@hotmail.com,ITAPUÃ,"41610290","2927408","","",RUA ALAMEDA DAS PALMEIRAS,"13","",ASSOCIAÇÃO DESPORTIVA HEIKA,"02457362555",MARTINNA PIRES GONÇALVES DE SOUZA REY ,"71996406953",10,2,"","","",0.0,0.0,0,0,0,0,"",0,0,0,0,0,0,"",""
135,ASKAP -   DE PACAJUS,CLUBE_PRINCIPAL,"86885704000104",1993-12-30,"38027887372",wellingtonaskap@hotmail.com,BURITI,"62870000","2309607","","",TRAVESSA NOVA ESPERANÇA,"37","",ASKAP - ASSOCIAÇÃO DE KARATÊ DE PACAJUS,"",ANTÔNIO HENRIQUE HOLANDA DE OLIVEIRA,"85988423959",0,84,"","","",0.0,0.0,0,0,0,0,"",0,0,0,0,0,0,"",""
136,AKAM -   KATO,CLUBE_FILIAL,"49125760000114",2023-01-10,"",geordanoraad@gmail.com,PARQUE VERDE,"66635922","1501402","",""," RODOVIA AUGUSTO MONTENEGRO, S/N","5333","",AKAM - ACADEMIA  KATO DE ARTES MARCIAIS,"",GEORDANO VALENTE RAAD,"91984728283",0,85,"","","",0.0,0.0,0,0,0,0,"",0,0,0,0,0,0,"",""
137,ASKATRA,CLUBE_FILIAL,"37721819000158",2020-07-14,"",prof.almir.texeira63@gmail.com,CENTRO,"68743010","1502400","","",TRAVESSA QUINTINO BOCAIÚVA,"1862","",ASKATRA,"",ALMIR BATISTA TEXEIRA,"91991481577",0,85,"","","",0.0,0.0,0,0,0,0,"",0,0,0,0,0,0,"",""
138,MONTE LÍBANO,CLUBE_FILIAL,"04984746000138",1963-06-13,"",clubemontelibano@hotmail.com,MARCO,"66093020","1501402","","",AVENIDA ALMIRANTE BARROSO,"152","",CLUBE MONTE LÍBANO,"",CARLOS MARQUES ( BRUCE),"32269807",0,85,"","","",0.0,0.0,0,0,0,0,"",0,0,0,0,0,0,"",""
72,ARGOLO DOJÔ,CLUBE_PRINCIPAL,"42967590000176",2021-07-05,"",argolodojo@gmail.com,CASEB,"44052046","2910800","1 ANDAR","",RUA SANTOS,"87","",ARGOLO DOJÔ,"",ALAN ARAÚJO ARGÔLO DE SANTANA,"75988355233",0,2,"","","",0.0,0.0,0,0,0,0,"",0,0,0,0,0,0,"",""
73,ESPAÇO SPORT TOMBA,CLUBE_PRINCIPAL,"",2021-10-07,"47237821504",acesto413@gmail.com,TOMBA,"44090656","2910800","","",RUA DO OUVIDOR,"410","",ASSOCIAÇÃO DE KARATÊ ESPAÇO SPORT TOMBA,"",JOSENILTON DE JESUS CAVALCANTE,"75981941958",0,2,"","","",0.0,0.0,0,0,0,0,"",0,0,0,0,0,0,"",""
74,FKTMG,FEDERACAO,"42263033000174",2021-02-27,"",fktmgkaratetradicionalminas@gmail.com,RESIDENCIAL AYRTON SENNA,"35164392","3131307",ANEXO 1,"",RUA ECLESIASTES,"630","",FEDERAÇÃO DE KARATÊ-DÔ TRADICIONAL DE MINAS GERAIS,"",GUSTAVO DRUMOND MARTINS,"31987626899",0,1,"","","",0.0,0.0,0,0,0,0,"",0,0,0,0,0,0,"",""
75,FKTPR,FEDERACAO,"12253648000159",1989-06-03,"",presidente@fktpr.com.br,JARDIM DAS AMÉRICAS,"81520080","4106902","","",RUA FREDERICO VIRMOND,"2885","",FEDERAÇÃO DE KARATÊ-DÔ TRADICIONAL DO ESTADO DO PARANÁ,"",JEAN LAURE EDOARDO DE OLIVEIRA ,"",0,1,"","","",0.0,0.0,0,0,0,0,"",0,0,0,0,0,0,"",""
76,FKTSP,FEDERACAO,"67186304000166",1988-10-24,"",fpktradiconal@yahoo.com.br,CENTRO,"01049905","3550308","","", RUA QUIRINO DE ANDRADE 219,"219","",FEDERAÇÃO PAULISTA DE KARATÊ-DÔ TRADICIONAL,"",ADRIANA AVAGLIANO,"1150415907",0,1,"","","",0.0,0.0,0,0,0,0,"",0,0,0,0,0,0,"",""
77,FPKT,FEDERACAO,"00059267000154",1987-03-21,"51434253368",tetalogistica@hotmail.com,MONTE CASTELO,"64017360","2211001","","",RUA MESTRE JÚLIO ARCANJO,"260","",FEDERAÇÃO PIAUIENSE DE KARATÊ-DÔ TRADICIONAL,"51434253368",FRANCISCO JOSÉ ALBUQUERQUE MIRANDA,"86988368633",0,1,"","","",0.0,0.0,0,0,0,0,"",0,0,0,0,0,0,"",""
78,DOJO ARAUJO,CLUBE_PRINCIPAL,"18728342000198",2013-08-22,"",araujokarate.mg@gmail.com,RESIDENCIAL AYRTON SENNA,"35164392","3131307","","",RUA ECLESIASTES,"630","",DOJO ARAUJO KARATE SHOTOKAN TRADICIONAL,"05941391633",FABIOLA FERNANDES DE ANDRADE,"31986590080",0,74,"","","",0.0,0.0,0,0,0,0,"",0,0,0,0,0,0,"",""
79,KAIRON-KAN,CLUBE_PRINCIPAL,"11545849000167",2002-08-13,"",academiakaironkan@hotmail.com,CENTRO,"72800200","5212501","","",RUA CORONEL ANTÔNIO CARNEIRO,"375","",ACADEMIA KAIRON-KAN DE ARTES MARCIAIS  ,"",ANTONIO JOSÉ PEREIRA DA SILVA									,"61998031902",0,218,"","","",0.0,0.0,0,0,0,0,"",0,0,0,0,0,0,"",""
80,FKTSC,FEDERACAO,"22646314000107",1988-01-01,"",celsoeruso@hotmail.com,CENTRO,"89460126","4203808",AP. 602,"",RUA FREI MENANDRO KAMPS,"910","",FEDERAÇÃO DE KARATE-DO TRADICIONAL DE SANTA CATARINA									,"",CELSO OGASAWARA									,"47992772126",0,1,"","","",0.0,0.0,0,0,0,0,"",0,0,0,0,0,0,"",""
81,FEMAKT,FEDERACAO,"12262615000175",1989-02-22,"",femakt@outlook.com									,PARQUE VITÓRIA,"65068834","2111201",QUADRA 302,"",VIA COLETORA SETE MIL,"01","",FEMAKT - FEDERAÇÃO MARANHENSE DE KARATE-DÔ TRADICIONAL									,"",MARCIO JORGE BASTOS COSTA									,"98988852089",0,1,"","","",0.0,0.0,0,0,0,0,"",0,0,0,0,0,0,"",""
82,FKTMT,FEDERACAO,"26566349000189",1990-04-01,"",fktmt.nova@gmail.com									,BOA ESPERANÇA,"78068545","5103403","","",RUA DOUTOR ÁUREO LINO DA SILVA,"900","",FEDERAÇÃO DE KARATE-DO TRADICIONAL DO ESTADO DE MATO GROSSO - FKTMT									,"",VLADIMIR LEONARDO ZANCA,"65992520906",0,1,"","","",0.0,0.0,0,0,0,0,"",0,0,0,0,0,0,"",""
83,FERJKT,FEDERACAO,"29264165000152",1986-11-05,"",ferjktoficial@gmail.com,CENTRO,"20021060","3304557",SALA 504,"",AVENIDA BEIRA-MAR,"200","",FERJKT - FEDERAÇÃO DO ESTADO DO RIO DE JANEIRO DE KARATÊ-DÔ TRADICIONAL,"",ARY ARSOLINO BRANDÃO DE OLIVEIRA,"21965230834",0,1,"","","",0.0,0.0,0,0,0,0,"",0,0,0,0,0,0,"",""
84,FKTCE,FEDERACAO,"10935386000187",2008-01-01,"",fktc2010@gmail.com,PREFEITO JOSÉ WALTER,"60750020","2304400","","",AVENIDA C,"400","",FEDERAÇÃO DE KARATÊ-DÔ TRADICIONAL DO ESTADO DO CEARÁ,"",FRANCISCO PATRÍCIO SERRA LIMA,"85986345768",0,1,"","","",0.0,0.0,0,0,0,0,"",0,0,0,0,0,0,"",""
85,FKTPA,FEDERACAO,"34918250000127",1988-04-28,"",fktepfederacao@gmail.com,FÁTIMA,"66060175","1501402","","",PASSAGEM CRUZEIRO SECUNDÁRIA,"1822","",FEDERAÇÃO DE KARATÊ-DÔ TRADICIONAL DO ESTADO DO PARÁ,"",SÔNIA ALVES COUTINHO,"91992572191",0,1,"","","",0.0,0.0,0,0,0,0,"",0,0,0,0,0,0,"",""
86,ASCAM,CLUBE_PRINCIPAL,"29113802000190",2008-09-28,"",soniaacoutinho@hotmail.com,NAZARÉ,"66040172","1501402",ENTRE ALCINDO CANCELA E 9 DE JANEIRO ,"",AVENIDA GENTIL BITTENCOURT,"1822","",ASCAM ,"",SÔNIA ALVES COUTINHO ,"91992572191",0,85,"","","",0.0,0.0,0,0,0,0,"",0,0,0,0,0,0,"",""
87,FKTRS,FEDERACAO,"04711304000118",1997-09-20,"",administracao@fsrkt.org.br,HIGIENÓPOLIS,"90520080","4314902","","",RUA LUZITANA,"411","",FEDERAÇÃO SUL-RIOGRANDENSE DE KARATÊ-DÔ TRADICIONAL,"",RONALDO LUIZ BASSO,"5133370634",0,1,"","","",0.0,0.0,0,0,0,0,"",0,0,0,0,0,0,"",""
88,HAGAKURE  SHOTOKAN,CLUBE_PRINCIPAL,"",2022-04-28,"",maxuem@hotmail.com,ZONA 7,"87020900","4115200",BLOCO M06 SALA 001 UEM-DEF-CDR - CAMPUS UNIVERSITÁRIO - ZONA 07,"", AVENIDA COLOMBO 5790,"5790","",INSTITUTO HAGAKURE DE KARATÊ-DÔ SHOTOKAN,"",MARCELO ALESSANDRO PEREIRA,"5544999827371",0,75,"","","",0.0,0.0,0,0,0,0,"",0,0,0,0,0,0,"",""
89,ESCOLA JEAN EDOARDO,CLUBE_PRINCIPAL,"39544068000177",2020-10-23,"06337515960",Edoardo.jean@gmail.com,BONECA DO IGUAÇU,"83040000","4125506","","",RUA HARRY FEEKEN,"1093","",ESCOLA DE ARTES MARCIAIS JEAN EDOARDO,"06337515960",JEAN EDOARDO,"41997894508",0,75,"","","",0.0,0.0,0,0,0,0,"",0,0,0,0,0,0,"",""
90,SANTA MONICA  DE CAM,CLUBE_PRINCIPAL,"",2022-04-28,"",gicaki@hotmail.com,MAUÁ,"83413663","4105805","","",RODOVIA BR-116,KM 6,"",SANTA MONICA CLUBE DE CAMPO,"",GIORDANA DE SOUZA,"41999743572",0,75,"","","",0.0,0.0,0,0,0,0,"",0,0,0,0,0,0,"",""
92,TAKAI KARATÊ DE MAUÁ,CLUBE_PRINCIPAL,"",2022-04-28,"","",CENTRO,"86828000","4115754","","",R. JOSÉ RODRIGUES DA SILVA,S/N,"",ASSOCIAÇÃO TAKAI KARATÊ-DÔ DE MAUÁ DA SERRA,"",JOSÉ VITORINO DE SALES JÚNIOR,"43988078020",0,75,"","","",0.0,0.0,0,0,0,0,"",0,0,0,0,0,0,"",""
93,SHURI DOJO  SHOTOKAN,CLUBE_PRINCIPAL,"",2022-04-28,"",fercarreiro.oli@gmail.com,AFCB,"84145000","4104659","","",RUA JAN WILLEM DE GEUS,"315","",SHURI DOJO DE KARATÊ-DO SHOTOKAN,"",FERNANDA CARREIRO DE OLIVEIRA,"42991084943",0,75,"","","",0.0,0.0,0,0,0,0,"",0,0,0,0,0,0,"",""
94,BUSHIDO KARATÊ,CLUBE_PRINCIPAL,"",2022-04-28,"","",CENTRO,"87400000","4106605","","","AV. SOEDNA DE FATIMA, 80","80","",BUSHIDO KARATÊ,"",LUCAS SALOMÃO DE OLIVEIRA,"44999771626",0,75,"","","",0.0,0.0,0,0,0,0,"",0,0,0,0,0,0,"",""
95,TAERU-KAN,CLUBE_PRINCIPAL,"",2022-04-28,"",santikarate@gmail.com,CENTRO,"83430000","4104006","","",R. DOS CEDROS,"115","",ASSOCIAÇÃO CULTURAL E DESPORTIVA TAERU-KAN ,"",NELSON VAGNER DE SANTI,"41992657993",0,75,"","","",0.0,0.0,0,0,0,0,"",0,0,0,0,0,0,"",""
97,DENTO DOJO,CLUBE_PRINCIPAL,"19356652000191",2013-11-14,"",karate@walger.com.br,ÁGUA VERDE,"80610010","4106902",SEDE SOCIAL PARANÁ CLUBE,"",AVENIDA PRESIDENTE KENNEDY,"2377","",DENTO DOJO,"",ANTONIO CARLOS WALGER,"41988188676",0,75,"","","",0.0,0.0,0,0,0,0,"",0,0,0,0,0,0,"",""
98,CAROLLOKAN,CLUBE_PRINCIPAL,"",2022-04-28,"",guilhermecarollo@yahoo.com.br,BOM RETIRO,"80520590","4106902","","",RUA CLÁUDIO MANOEL DA COSTA,"464","",ASSOCIAÇÃO CAROLLOKAN,"",GUILHERME CAROLLO,"41991172134",0,75,"","","",0.0,0.0,0,0,0,0,"",0,0,0,0,0,0,"",""
99,KARATÊ JARDIM ALEGRE,CLUBE_PRINCIPAL,"",2022-04-28,"","",CENTRO,"86860000","4112504","","",R. AÇUCENA,"28","",ASSOCIAÇÃO KARATÊ JARDIM ALEGRE,"",WAGNER PRUDÊNCIO,"43991065371",0,75,"","","",0.0,0.0,0,0,0,0,"",0,0,0,0,0,0,"",""
100,CAMINHO LIVRE,CLUBE_PRINCIPAL,"",2022-04-28,"20983050015","",VILA SÃO JOSÉ,"86808020","4101408","","",RUA FIRMAN NETO,"355","",ACADEMIA DE KARATÊ CAMINHO LIVRE,"20983050015",EXPEDITO BORGES,"43999732041",0,75,"","","",0.0,0.0,0,0,0,0,"",0,0,0,0,0,0,"",""
101,BODHIDHARMA,CLUBE_PRINCIPAL,"",2022-04-28,"","",JARDIM DAS AMÉRICAS,"81520080","4106902","","",RUA FREDERICO VIRMOND,"2885","",ACADEMIA BODHIDHARMA,"",GILBERTO GAERTNER,"4132677442",0,75,"","","",0.0,0.0,0,0,0,0,"",0,0,0,0,0,0,"",""
102,ACOKAT  CENTRO OESTE,CLUBE_PRINCIPAL,"",2022-04-28,"","",CENTRO,"85200000","4119608","","",AV. PRES. GETÚLIO VARGAS,"261","",ACOKAT ASSOCIAÇÃO CENTRO OESTE DE KARATE DO TRADICIONAL,"",JANETE KUTCZURUBA BERTON,"42999480833",0,75,"","","",0.0,0.0,0,0,0,0,"",0,0,0,0,0,0,"",""
103,DOJO SOARES,CLUBE_PRINCIPAL,"",2022-04-28,"","",CENTRO,"87360000","4108601","","",AV. MOISÉS LUPION,"327","",DOJO SOARES,"",GABRIEL SOARES SILVERIO,"",0,75,"","","",0.0,0.0,0,0,0,0,"",0,0,0,0,0,0,"",""
104,TEAM DOJO SOCHIN,CLUBE_PRINCIPAL,"",2022-04-28,"","",CENTRO,"85160000","4104451","","",R. DOZE DE MAIO,"375","",ACADEMIA TEAM DOJO SOCHIN,"",JOSÉ ALESSANDRO BALTAZAR,"",0,75,"","","",0.0,0.0,0,0,0,0,"",0,0,0,0,0,0,"",""
105,ICHIGUEKI DOJO,CLUBE_PRINCIPAL,"",2022-04-28,"","",SÃO CRISTÓVÃO,"85060340","4109401","","",AVENIDA SEBASTIÃO DE CAMARGO RIBAS,"557","",ICHIGUEKI DOJO,"",JOEL BINI JÚNIOR,"",0,75,"","","",0.0,0.0,0,0,0,0,"",0,0,0,0,0,0,"",""
106,DOJO KAN SPORTS,CLUBE_PRINCIPAL,"",2022-04-28,"","",JARDIM IGUAÇU,"87705360","4118402","","",RUA XV DE NOVEMBRO,"175","",DOJO KAN SPORTS,"",CLÉBER DOS SANTOS DE OLIVEIRA,"",0,75,"","","",0.0,0.0,0,0,0,0,"",0,0,0,0,0,0,"",""
107,ACKT  CIANORTE,CLUBE_PRINCIPAL,"",2022-04-28,"","",CENTRO,"87200000","4105508","","",RUA MEARIM,"246","",ACKT ASSOCIAÇÃO CIANORTE DE KARATÊ TRADICIONAL,"",VALDINEI PEREIRA DOS SANTOS,"",0,75,"","","",0.0,0.0,0,0,0,0,"",0,0,0,0,0,0,"",""
108,ZAMARA QUEDAS,CLUBE_PRINCIPAL,"",2022-04-28,"","",CENTRO,"85460000","4120903","","",AV IPE,"00","",ZAMARA QUEDAS,"",JULIANO MARCIO COSTA,"",0,75,"","","",0.0,0.0,0,0,0,0,"",0,0,0,0,0,0,"",""
109,NOROESTE,CLUBE_PRINCIPAL,"",2022-04-28,"","",CENTRO,"87400000","4106605","","",R. ATLETA ADEMAR FERREIRA DA SILV,"13","",ASSOCIAÇÃO NOROESTE DE KARATÊ TRADICIONAL,"",PAULO SÉRGIO ARAUJO,"",0,75,"","","",0.0,0.0,0,0,0,0,"",0,0,0,0,0,0,"",""
110,CAETANO SPORTS,CLUBE_PRINCIPAL,"",2022-04-28,"","",CENTRO,"86960000","4102505","","",SÍTIO NOSSA SENHORA DAS GRAÇAS,"00","",CAETANO SPORTS,"",MÁRCIO CAETANO DA SILVA,"",0,75,"","","",0.0,0.0,0,0,0,0,"",0,0,0,0,0,0,"",""
112,DOJO GENSEY,CLUBE_PRINCIPAL,"31351373000130",2018-08-28,"",karategensey@hotmail.com,SANTA MARIA,"35180002","3168705","","",RUA CENTO E VINTE E OITO,"302","",DOJO GENSEY - STUDIO GUSTAVO SHOTOKAN,"",GUSTAVO DRUMOND MARTINS,"31996905112",0,74,"","","",0.0,0.0,0,0,0,0,"",0,0,0,0,0,0,"",""
113,DOJO UESHIMA,CLUBE_PRINCIPAL,"35940655000124",2019-12-13,"",amarildo_ueshima@hotmail.com,CENTRO,"45900000","2906907","","",RUA BARAO DO RIO BRANCO,"157","","DOJO UESHIMA - ASSOC. UESHIMA DE ESPORTE, CIDADANIA E ARTE","",AMARILDO ANTONIO UESHIMA,"73999784399",0,74,"","","",0.0,0.0,0,0,0,0,"",0,0,0,0,0,0,"",""
114,SHOGAI BUDO -,CLUBE_PRINCIPAL,"46858977000145",2022-03-15,"",arthur@novapex.com.br,VITÓRIA,"40080003","2927408","","",AVENIDA SETE DE SETEMBRO,"2445","",SHOGAI BUDO - INSTITUTO DE ARTES MARCIAIS,"",ARTHUR PRISCO PARAÍSO RÊGO,"71991298090",0,2,"","","",0.0,0.0,0,0,0,0,"",0,0,0,0,0,0,"",""
115,NOVA GERAÇÃO,CLUBE_PRINCIPAL,"",2022-08-15,"36056774520",novageracao2002@outlook.com,MANGABEIRA,"44056000","2910800","","",AVENIDA AYRTON SENNA DA SILVA,"6530","",ASSOCIAÇÃO NOVA GERAÇÃO,"07540046511",TAMIRES NASCIMENTO GOMES DOS SANTOS,"75982632620",0,2,"","","",0.0,0.0,0,0,0,0,"",0,0,0,0,0,0,"",""
116,ASKTEF - CURVELO,CLUBE_PRINCIPAL,"",2021-01-27,"",askaratespofitness@gmail.com,BELA VISTA,"35796246","3120904","","",RUA DO AMPARO,"318","",ASKTEF - CURVELO,"",ALESSANDRO GUIMARÃES CARNEIRO LIMA,"38999767386",0,74,"","","",0.0,0.0,0,0,0,0,"",0,0,0,0,0,0,"",""
117,KOBUKAN,CLUBE_PRINCIPAL,"41089086000158",2022-02-07,"",sementeplena@gmail.com,BOTAFOGO,"22280080","3304557",LOJA A,"",RUA ASSIS BUENO,"46","",INSTITUTO GOSHIN-DÔ KOBUKAN,"",GUARACI KEN TANAKA,"21999349490",0,83,"","","",0.0,0.0,0,0,0,0,"",0,0,0,0,0,0,"",""
118,LEMBUKAN,CLUBE_PRINCIPAL,"39874863000123",2020-08-01,"",lembukankarate@yahoo.com ,VILA CORDEIRO,"04582020","3550308","","",RUA BRITO PEIXOTO,"451","",ASSOCIAÇÃO LEMBUKAN DE KARATÊ,"",ADRIANA AVAGLIANO,"11982924664",0,76,"","","",0.0,0.0,0,0,0,0,"",0,0,0,0,0,0,"",""
119,ASKTES - JOÃO NEIVA,CLUBE_PRINCIPAL,"",1992-02-01,"","",CENTRO,"29680000","3203130",CENTRO COMUNITÁRIO,"",RUA NEGRI ORESTES,SN,"",ASKTES - JOÃO NEIVA,"",JOSELY PINTO DOS SANTOS,"27996905017",0,74,"","","",0.0,0.0,0,0,0,0,"",0,0,0,0,0,0,"",""
120,MARRA DOJO,CLUBE_PRINCIPAL,"42288000000189",2021-06-11,"","",LADEIRA,"36052560","3136702","","",RUA MARIA PERPÉTUA,"322","",MARRA DOJO,"08793032633",RICARDO MENDES MARRA,"32988873517",0,74,"","","",0.0,0.0,0,0,0,0,"",0,0,0,0,0,0,"",""
121,BUSHIDO KARATE E DEF,CLUBE_PRINCIPAL,"48018106000149",2022-09-20,"","",ANA RITA,"35182256","3168705","","",RUA ALEMANHA,"51","",BUSHIDO KARATE E DEFESA PESSOAL,"",GUSTAVO RODRIGUES GONÇALVES,"31985656222",0,74,"","","",0.0,0.0,0,0,0,0,"",0,0,0,0,0,0,"",""
122,TEKIOSEI,CLUBE_PRINCIPAL,"",2022-11-10,"07177841504","",CALUMBI,"44008440","2910800",CAMINHO 19,"",RUA D,"44","",INSTITUTO TEKIOSEI DOJO,"",IRVILA FERREIRA DOS SANTOS,"",0,2,"","","",0.0,0.0,0,0,0,0,"",0,0,0,0,0,0,"",""
123,SHOBUKAN RP,CLUBE_PRINCIPAL,"",2023-05-06,"",kazuo@famerp.br,CONDOMÍNIO DÉBORA CRISTINA,"15093000","3549805","","",AVENIDA ANÍSIO HADDAD,"6920","",ASSOCIAÇÃO SHOBUKAN KARATE DO,"",KAZUO NAGAMINE,"17981262045",0,76,"","","",0.0,0.0,0,0,0,0,"",0,0,0,0,0,0,"",""
124,SIMOES,CLUBE_PRINCIPAL,"05558638000166",2023-05-06,"",fabinhodokarate@hotmail.com ,CONJUNTO HABITACIONAL SÃO DEOCLECIANO,"15057070","3549805","","",RUA SADO MADLUN,"385","",ASSOCIAÇÃO SIMOES DE KARATE,"",FABIO SELMAN SIMOES,"",0,76,"","","",0.0,0.0,0,0,0,0,"",0,0,0,0,0,0,"",""
125,NASCIMENTO,CLUBE_PRINCIPAL,"01540997000135",2023-05-06,"",nascimentosensei@gmail.com,PARQUE PARAÍSO,"06852208","3522208","","",RUA NOVA ZELÂNDIA,"141","",ASSOCIAÇÃO DE KARATE DO NASCIMENTO,"",ANTONO JOSE DO NASCIMENTO,"",0,76,"","","",0.0,0.0,0,0,0,0,"",0,0,0,0,0,0,"",""
126,FORÇA ZEN,CLUBE_PRINCIPAL,"26655228000103",2023-05-06,"",senseicelina@hotmail.com,CABELINHA,"12602040","3527207","","",RUA ANTONINO ROSA JÚNIOR,"36","",DOJO KARATE FORÇA ZEN,"",CELINA DE PESSOA ANDRADE,"",0,76,"","","",0.0,0.0,0,0,0,0,"",0,0,0,0,0,0,"",""
127,SHOBUKAN SP,CLUBE_PRINCIPAL,"",2023-05-06,"",fabiana.esporte@gmail.com,JARDIM PAULO VI,"05570030","3550308","","",RUA NAZIR MIGUEL,"849","",ASSOCIAÇÃO SHOBUKAN SAO PAULO,"",FABIANA AMARAL FERREIRA,"",0,76,"","","",0.0,0.0,0,0,0,0,"",0,0,0,0,0,0,"",""
128,SHOB ANDRADINA,CLUBE_PRINCIPAL,"26948466000107",2023-05-06,"",pedrosaluizjunior@gmail.com>,CENTRO,"16900005","3502101","","",RUA RODRIGUES ALVES,"844","",ASSOCIAÇÃO SHOBUKAN ANDRADINA,"",LUIZ CARLOS PEDROSA JUNIOR,"",0,76,"","","",0.0,0.0,0,0,0,0,"",0,0,0,0,0,0,"",""
129,BARUERI EF,CLUBE_PRINCIPAL,"",2023-05-06,"",ruykoike@gmail.com,CENTRO,"06401145","3505708","","",AVENIDA GUILHERME PERERECA GUGLIELMO,"1000","",BARUERI ESPORTE FORTE,"",RUY KOIKE,"",0,76,"","","",0.0,0.0,0,0,0,0,"",0,0,0,0,0,0,"",""
130,MA FIGHT,CLUBE_PRINCIPAL,"",2023-05-06,"",maffalison@gmail.com,LAGOA DOURADA I,"12711350","3513405","","",RUA PADRE NATAL DE ROSAS,"570","",ASSOCIAÇÃO MA FIGHT,"",ALISON RENATO RODRIGUES BATISTA,"",0,76,"","","",0.0,0.0,0,0,0,0,"",0,0,0,0,0,0,"",""
131,KISHINTAI,CLUBE_PRINCIPAL,"",2023-05-06,"",jose.kishintai@gmail.com,VILA BELA,"12522635","3518404","","",ACESSO DOUTOR HANS LIEBHERR,"01","",ASSOCIAÇÃO KISHINTAI,"",JOSE FRANCISCO RAMOS,"",0,76,"","","",0.0,0.0,0,0,0,0,"",0,0,0,0,0,0,"",""
132,CEPEUSP,CLUBE_PRINCIPAL,"",2023-05-06,"","",BUTANTÃ,"05508110","3550308","","",PRAÇA PROFESSOR RUBIÃO MEIRA,"61","",CEPEUSP,"",KAZUO NAGAMINE,"",0,76,"","","",0.0,0.0,0,0,0,0,"",0,0,0,0,0,0,"",""
133,ZANCHIN,CLUBE_PRINCIPAL,"08089515000111",2023-05-06,"",wagner-karate@hotmail.com,PEDERNEIRAS,"17280000","3536703","","",R. JOSE FERNANDES GIL,"35-6","",ASSOCIAÇÃO ZANCHIN,"",WAGNER PEREIRA,"",0,76,"","","",0.0,0.0,0,0,0,0,"",0,0,0,0,0,0,"",""
134,FCLDKT,FEDERACAO,"",1987-01-01,"",jonathanmjunior@gmail.com,ARMAÇÃO,"41750180","2927408","","",RUA GRANJA MARAZUL,"001","",FEDERAÇÃO DOS CLUBES  FILIAÇÃO DIRETA DE KARATÊ-DÔ TRADICIONAL - FKLDKT,"",CBKT,"71981554563",0,1,"","","",0.0,0.0,0,0,0,0,"",0,0,0,0,0,0,"",""
139,DO DESENVOLVIMENTO D,CLUBE_PRINCIPAL,"13239635000198",2011-01-16,"",tetalogistica@hotmail.com,MONTE CASTELO,"64016730","2211001",ZONA SUL,"",RUA DOMINGOS MONTEIRO,"3082","",ASDAKT,"",FRANCISCO JOSÉ ALBUQUERQUE MIRANDA,"86988368633",0,77,"","","",0.0,0.0,0,0,0,0,"",0,0,0,0,0,0,"",""
140,DE TERESINA,CLUBE_PRINCIPAL,"41557952000198",2018-09-26,"",lulufurtado11@hotmail.com,CIDADE JARDIM,"64066570","2211001",RESIDENCIAL MURILO DE A. LIMA,"",RUA LINDALVA BARBOSA DE NEIVA,Q-A CASA 18,"",ASKATE,"",DELVANE DE OLIVEIRA FURTADO,"86999591918",0,77,"","","",0.0,0.0,0,0,0,0,"",0,0,0,0,0,0,"",""
141,CEKO - CENTRO EDUCAC,CLUBE_FILIAL,"08595982000113",2007-01-11,"",admistrativo@ceko.com.br,SÃO BRÁS,"66063080","1501402","","",TRAVESSA FRANCSCO  CALDEIRAS CASTELO BRANCO ,"1371","",CEKO - CENTRO EDUCACIONAL KYOKO OTI,"",SÔNIA ALVES COUTINHO,"9132492112",0,85,"","","",0.0,0.0,0,0,0,0,"",0,0,0,0,0,0,"",""
142,AKGJ,CLUBE_PRINCIPAL,"",2015-08-20,"",akgj@live.com,JARDIM DAS OLIVEIRAS,"60820360","2304400","","",RUA DA COPAÍBA,"86 A","",ASSOCIAÇÃO DE KARATÊ GUERREIRO DE JUDÁ,"",REGILENE SILVA DOS SANTOS,"85988274551",0,84,"","","",0.0,0.0,0,0,0,0,"",0,0,0,0,0,0,"",""
143,ASKACE SERVIÇOS ESPO,CLUBE_PRINCIPAL,"01575154000174",1972-05-27,"",ikotrindade@gmail.com,MEIRELES,"60160120","2304400","","",RUA CANUTO DE AGUIAR,"425","",ASKACE SERVIÇOS ESPORTIVOS LTDA,"",FRANCISCO TRINDADE SILVA,"85988883388",0,84,"","","",0.0,0.0,0,0,0,0,"",0,0,0,0,0,0,"",""
144,BUDOKAN,CLUBE_PRINCIPAL,"17511952000172",2013-01-24,"",budokandojo_ce@hotmail.com,GENIBAÚ,"60535115","2304400","","",TRAVESSA VIRNA,"136","",ASSOCIAÇÃO DE KARATÊ TRADICIONAL BUDOKAN,"",MARIA LEIDIANE DE ANDRADE ANTUNES,"85986268510",0,84,"","","",0.0,0.0,0,0,0,0,"",0,0,0,0,0,0,"",""
145,DOJO MENTE CORPO E E,CLUBE_PRINCIPAL,"25104545000179",2016-05-02,"",anarosaperdigao@yahoo.com.br,LAGOA REDONDA,"60832402","2304400","","",AVENIDA MAESTRO LISBOA,"2181","",ASSOCIAÇÃO DOJO MENTE CORPO E ESPIRITO - MCE,"",ANA ROSA PEREIRA PERDIGÃO,"85986444232",0,84,"","","",0.0,0.0,0,0,0,0,"",0,0,0,0,0,0,"",""
146,ARTE MARCIAL  - ASKA,CLUBE_PRINCIPAL,"06182864000158",1990-08-20,"",wmfotodigital@hotmail.com,PREFEITO JOSÉ WALTER,"60750020","2304400","","",AVENIDA C,"400","",ASSOCIAÇÃO DE KARATÊ ARTE MARCIAL  - ASKAM,"",WELLINGTON PEREIRA MARTINS,"85987912273",0,84,"","","",0.0,0.0,0,0,0,0,"",0,0,0,0,0,0,"",""
147,MARACANAÚ,CLUBE_PRINCIPAL,"18977219000100",2012-08-20,"",tatianabarbosa.adv@gmail.com,JEREISSATI I,"61900490","2307650","","",RUA 24,"502","",ASSOCIAÇÃO DE KARATÊ MARACANAÚ,"",TATIANA DA COSTA BARBOSA MACIEL,"85997695075",0,84,"","","",0.0,0.0,0,0,0,0,"",0,0,0,0,0,0,"",""
148,E ARTE MACIAIS DE CH,CLUBE_PRINCIPAL,"36124481000194",2017-08-20,"",mygarcia1309@gmail.com,CENTRO,"62875000","2303956","","",RAIMUNDO ALBANO DE ALMEIDA,"62","",ASSOCIAÇÃO DE KARATE E ARTE MACIAIS DE CHOROZINHO - AKAC,"",ANTÔNIO GARCIA LIMA FILHO,"85991805416",0,84,"","","",0.0,0.0,0,0,0,0,"",0,0,0,0,0,0,"",""
149,ASKAI-   IRACEMA,CLUBE_PRINCIPAL,"11744976000195",1985-03-13,"",jorgeetelmo@hotmail.com,BENFICA,"60020240","2304400","","",RUA ARACATI,"109","",ASKAI- ASSOCIAÇÃO DE KARATÊ IRACEMA,"",JORGE ETELMO LIMA SILVA,"85988621456",0,84,"","","",0.0,0.0,0,0,0,0,"",0,0,0,0,0,0,"",""
150,ITOSU KARATÊ,CLUBE_PRINCIPAL,"08335000000154",2006-08-16,"",patricioserra@yahoo.com.br,RODOLFO TEÓFILO,"60431000","2304400","","",RUA RAIMUNDO FAÇANHA,"105","",ASSOCIAÇÃO ITOSU KARATÊ-DÔ,"",ELIANA ALVES DE LIMA SERRA,"85986345768",0,84,"","","",0.0,0.0,0,0,0,0,"",0,0,0,0,0,0,"",""
151,DOJO OGASAWARA,CLUBE_PRINCIPAL,"",2015-01-01,"","",CENTRO,"89460102","4203808","","",RUA DUQUE DE CAXIAS,"273","",DOJO OGASAWARA,"",CELSO OGASAWARA									,"",0,80,"","","",0.0,0.0,0,0,0,0,"",0,0,0,0,0,0,"",""
152,FUDOSHIN,CLUBE_PRINCIPAL,"",2019-08-20,"",fudoshinkarate13@gmail.com,PIRATININGA,"61905305","2307650","","",RUA TEODORA MARTINS,"74","",ASSOCIAÇÃO DE KARATE - DÔ TRADICIONAL FUDOSHIN,"",JOSÉ HENRIQUE CARVALHO DE SOUSA,"85987735446",0,84,"","","",0.0,0.0,0,0,0,0,"",0,0,0,0,0,0,"",""
153,DOJO DOURADO,CLUBE_PRINCIPAL,"",2021-12-06,"",matheuslimadourado@hotmail.com,PARQUE VITÓRIA,"65068772","2111300",QUADRA 209,"",VIA LOCAL DUZENTOS E DEZ,"25","",DOJO DOURADO,"",MATHEUS LIMA DOURADO,"559898235511",0,81,"","","",0.0,0.0,0,0,0,0,"",0,0,0,0,0,0,"",""
154,DOJO MB,CLUBE_PRINCIPAL,"",1998-07-16,"",marciokaratetradicional@hotmail.com,PARQUE VITÓRIA,"65068826","2111300","","",VIA COLETORA QUATRO MIL,"23","",DOJO MB,"",MARCIO JORGE BASTOS COSTA,"5598988852089",0,81,"","","",0.0,0.0,0,0,0,0,"",0,0,0,0,0,0,"",""
155,BUSHIDOCAMM-CENTRO  ,CLUBE_PRINCIPAL,"",2019-06-02,"",jougsilva@gmail.com,VINHAIS,"65074480","2111300",QUADRA 44,"",RUA CINQÜENTA E UM,"28","",BUSHIDOCAMM-CENTRO DE ARTES MARCIAIS MARANHENSE,"",JOUGLIMAR SILVA,"98988069981",0,81,"","","",0.0,0.0,0,0,0,0,"",0,0,0,0,0,0,"",""
156,EBENÉZER DOJO,CLUBE_PRINCIPAL,"",2015-04-10,"",claudionor.garrido@hotmail.com,COHAB ANIL IV,"65051600","2111300",QUADRA 30,"",RUA NEWTON SÁ,"10","",EBENÉZER DOJO,"",CLAUDIONOR GARRIDO,"98982143972",0,81,"","","",0.0,0.0,0,0,0,0,"",0,0,0,0,0,0,"",""
157,DOJO SAMURAI RASÉC,CLUBE_PRINCIPAL,"",2012-04-02,"",kaiokaratetradicional@hotmail.com,R. FREDERICO LÊDA,"65700000","2101202","","",R. FREDERICO LÊDA,"1955","",DOJO SAMURAI RASÉC,"",KAIO CÉSAR CARVALHO DA SILVA,"99982346045",0,81,"","","",0.0,0.0,0,0,0,0,"",0,0,0,0,0,0,"",""
158,DOJO GURÕ,CLUBE_PRINCIPAL,"",2021-07-06,"",frosantos8113@gmail.com,MAIOBÃO,"65130000","2107506",QUADRA 105,"",RUA 125,"6","",DOJO GURÕ,"",TADEU DE BARROS,"98989012119",0,81,"","","",0.0,0.0,0,0,0,0,"",0,0,0,0,0,0,"",""
159,SHOTOKAN,CLUBE_PRINCIPAL,"",2019-05-08,"",fredsonalves3@gmail.com,CENTRO,"65725000","2108207","","",RUA EURICO RIBEIRO ,"448","",ACADEMIA SHOTOKAN DE KARATÊ,"",FREDSON ALVES DA SILVA,"99984450544",0,81,"","","",0.0,0.0,0,0,0,0,"",0,0,0,0,0,0,"",""
160,DOJO KARATÊ AKATSUKI,CLUBE_PRINCIPAL,"",2019-12-02,"",rhamyfliskhalil@gmail.com,CENTRO,"65665000","2111102",PISO SUPERIOR DO CENTRO DE ARTESANATO DONA SULA,"","PARQUE BANDEIRA, S/N","10","",DOJO KARATÊ AKATSUKI,"",RHAMYFLIS KHALIL SOUSA DE MIRANDA,"99982350776",0,81,"","","",0.0,0.0,0,0,0,0,"",0,0,0,0,0,0,"",""
161,ZANCA DOJO,CLUBE_PRINCIPAL,"05466692000181",2002-07-31,"","",BOA ESPERANÇA,"78068545","5103403","","",RUA DOUTOR ÁUREO LINO DA SILVA,"895","",ZANCA DOJO,"",VLADIMIR LEONARDO ZANCA ,"",0,82,"","","",0.0,0.0,0,0,0,0,"",0,0,0,0,0,0,"",""
162,KYOSHI DOJO,CLUBE_PRINCIPAL,"",2020-01-01,"",silvathamiris40@gmail.com,SANTA ISABEL,"78150292","5108402",QUADRA 17 ,"",RUA ABDALA JOSÉ DE ALMEIDA,"10","",KYOSHI DOJO,"",THAMIRIS RODRIGUES DA SILVA ,"65993602332",0,82,"","","",0.0,0.0,0,0,0,0,"",0,0,0,0,0,0,"",""
163,ASTRISSI,CLUBE_PRINCIPAL,"",2020-01-15,"",clovis.astrissi@gmail.com,CENTRO-SUL,"78125090","5108402","","",RUA ANTÔNIO JOÃO,"5","",DOJO ASTRISSI,"",CLOVIS CÉSAR ASTRISSI ,"65993231221",0,82,"","","",0.0,0.0,0,0,0,0,"",0,0,0,0,0,0,"",""
164,SHNK,CLUBE_PRINCIPAL,"",1982-05-03,"","",HIGIENÓPOLIS,"90520080","4314902","","",RUA LUZITANA,"411","",SHINKUKAN ,"",ALFREDO AIRES,"",0,87,"","","",0.0,0.0,0,0,0,0,"",0,0,0,0,0,0,"",""
165,FERNANDES,CLUBE_PRINCIPAL,"33812796000136",2019-05-31,"",JRLAURO@ME.COM,CAPÃO RASO,"81130000","4106902","","",AVENIDA WINSTON CHURCHILL,"515","",ACADEMIA DE ARTES MARCIAIS FERNANDES,"",LAURO FERNANDES JUNIOR,"41996848723",0,75,"","","",0.0,0.0,0,0,0,0,"",0,0,0,0,0,0,"",""
166,CEKS -  KARATE SHOTO,CLUBE_PRINCIPAL,"22690985000167",2015-06-22,"","",ALTO DOS PASSOS,"36025160","3136702","","",RUA MORAIS E CASTRO,"381","",CEKS - CENTRO DE ESTUDO KARATE-DÔ SHOTOKAN,"",FERNANDO CESAR MARIANO MACEDO,"32984859058",0,74,"","","",0.0,0.0,0,0,0,0,"",0,0,0,0,0,0,"",""
167,KAKUSHI,CLUBE_PRINCIPAL,"48041392000163",2022-09-22,"",VICTORGEUS123@GMAIL.COM,CENTRO,"85270000","4117800","","","1A R RUA SETE DE SETEMBRO","506","",ACADEMIA KAKUSHI,"",VICTOR GEUS,"42999846129",0,75,"","","",0.0,0.0,0,0,0,0,"",0,0,0,0,0,0,"",""
168,ACOKAT,CLUBE_PRINCIPAL,"04564931000173",2001-05-25,"",fktparana@gmail.com,CENTRO,"85200000","4119608",SALA 7,"",AV GETULIO VARGAS ,"261","",ACOKAT,"",JANETE KUTCZURUBA BERTON,"42999480833",0,75,"","","",0.0,0.0,0,0,0,0,"",0,0,0,0,0,0,"",""
169,IKIGAI DOJO,CLUBE_PRINCIPAL,"",2023-05-22,"",ikigaidojos@gmail.com,MIRANDÓPOLIS,"04052010","3550308","","",RUA YTAIPU,"422","",IKIGAI DOJO,"",DOMINGOS XAVIER,"",0,76,"","","",0.0,0.0,0,0,0,0,"",0,0,0,0,0,0,"",""
170,AREIKAN,CLUBE_PRINCIPAL,"",2023-05-22,"",ivan.guilherme.morales@gmail.com,CENTRO,"14801050","3503208","","",AVENIDA BRASIL,"333","",ESCOLA I KARATE AREIKAN,"",IVAN GUILHERME MORALES,"",0,76,"","","",0.0,0.0,0,0,0,0,"",0,0,0,0,0,0,"",""
171,NIPPON COUNTRY,CLUBE_PRINCIPAL,"",2023-05-22,"",pttamas@gmail.com,FONTES,"07414050","3503901","","",ESTRADA DOS VADOS,"260","",NIPPON COUNTRY CLUBE,"",PAULO TAMASHIRO,"",0,76,"","","",0.0,0.0,0,0,0,0,"",0,0,0,0,0,0,"",""
172,SHBK,CLUBE_PRINCIPAL,"",1990-06-20,"","",CENTRO,"99150000","4311809","","",RUA RUI BARBOSA ,S/N,"",SHOBUKAN MARAU,"",JUAREZ DA SILVA,"",0,87,"","","",0.0,0.0,0,0,0,0,"",0,0,0,0,0,0,"",""
173,SPES,CLUBE_PRINCIPAL,"",1995-06-20,"","",CENTRO,"99010240","4314100","2","",RUA SILVA JARDIM,"609","",SPESSATTO RENSHUKAN,"",DERLI SPESSATTO,"",0,87,"","","",0.0,0.0,0,0,0,0,"",0,0,0,0,0,0,"",""
175,PKC,CLUBE_PRINCIPAL,"",2021-05-01,"","",JACAREPAGUÁ,"22775045","3304557","303","",RUA ALFREDO CESCHIATTI,"55","",PESTANA KARATE CLUBE,"",ROBERTO JOAQUIM MAIA PESTANA JUNIOR,"",0,83,"","","",0.0,0.0,0,0,0,0,"",0,0,0,0,0,0,"",""
176,AKK ,CLUBE_PRINCIPAL,"",2023-05-01,"","",VILA DA PENHA,"21221250","3304557","","",RUA APIA,"902","",AKK DOJO,"",JOCIGLEI RAMOS CADENA,"",0,83,"","","",0.0,0.0,0,0,0,0,"",0,0,0,0,0,0,"",""
177,Arrigoni,CLUBE_PRINCIPAL,"",2023-05-29,"","",RECREIO DOS BANDEIRANTES,"22795065","3304557","203","",RUA PROFESSOR HERMES LIMA,"511","",ARRIGONI DOJO,"",UGO ARRIGONI NETO,"",0,83,"","","",0.0,0.0,0,0,0,0,"",0,0,0,0,0,0,"",""
178,FC,CLUBE_PRINCIPAL,"",2023-05-29,"","",COPACABANA,"22020040","3304557","","",RUA RODOLFO DANTAS,"40","",FLAVIO COSTA DOJO ,"",ARY ARSOLINO BRANDÃO DE OLIVEIRA,"",0,83,"","","",0.0,0.0,0,0,0,0,"",0,0,0,0,0,0,"",""
179,AKBC,CLUBE_PRINCIPAL,"31475288000184",1982-07-07,"",rcmatos346@gmail.com,EURICO SALLES,"29160172","3205002","","",RUA DOS CANÁRIOS,"06","",ASSOCIAÇÃO DE KARATE BERÇO DOS CAMPEOES AKBC,"",ROSEANE COSME MATOS,"27992741113",0,65,"","","",0.0,0.0,0,0,0,0,"",0,0,0,0,0,0,"",""
180,ASKTN - ES,CLUBE_FILIAL,"",1977-01-01,"","",CENTRO,"39860000","3144300","","",RUA CAXAMBU,"967","",ASKTN - NANUQUE,"",DURVAL GOMES DE ARAUJO,"",0,65,"","","",0.0,0.0,0,0,0,0,"",0,0,0,0,0,0,"",""
181,CONVID. ASKTN,CLUBE_PRINCIPAL,"",1977-01-01,"","",CENTRO,"39860000","3144300","","",RUA CAXAMBU,"967","",ASKTN - NANUQUE,"",DURVAL GOMES DE ARAUJO,"",0,74,"","","",0.0,0.0,0,0,0,0,"",0,0,0,0,0,0,"",""
182,LIESPE,CLUBE_PRINCIPAL,"26201400000159",2005-11-03,"",liespe.ipatinga@gmail.com,CENTRO,"35160024","3131307",SALA 305,"",RUA UBERLÂNDIA,"252","",LIESPE - LIGA IPATINGUENSE DE ESPORTES ESPECIALIZADOS,"",ILDEU PEREIRA / ISADORA,"3136162041",0,74,"","","",0.0,0.0,0,0,0,0,"",0,0,0,0,0,0,"",""
183,CHIDORI DOJO,CLUBE_PRINCIPAL,"",2019-01-09,"",marcos.henrique_1@hotmail.com,CIDADE ALTA,"78030407","5103403","","",RUA PROFESSOR RANULFO PAES DE BARROS,"640","",CHIDORI DOJO ESCOLA DE ARTES MARCIAIS ,"",MARCOS HENRIQUE DE AMORIM,"65993132852",0,82,"","","",0.0,0.0,0,0,0,0,"",0,0,0,0,0,0,"",""
184,DOJO FRANZ,CLUBE_PRINCIPAL,"47195075000139",2022-01-03,"",jean_cuiaba@hotmail.com ,CENTRO-NORTE,"78110610","5108402","","",RUA TENENTE CIPRIANO,"33","",DOJO FRANZ,"",JEAN MICHEL FRANZ ,"65992562271",0,82,"","","",0.0,0.0,0,0,0,0,"",0,0,0,0,0,0,"",""
185,ROCKENBACH DOJO ,CLUBE_PRINCIPAL,"",2020-10-14,"",Joaoedu9@hotmail.com,CENTRO-NORTE,"78110325","5108402","","",RUA CORONEL GONÇALO DE FIGUEIREDO,"249","",ROCKENBACH DOJO ,"",JOÃO EDUARDO ROCKENBACH,"65999791485",0,82,"","","",0.0,0.0,0,0,0,0,"",0,0,0,0,0,0,"",""
186,UNIÃO DA FORÇA,CLUBE_PRINCIPAL,"",2002-01-10,"",arlenekaratedo@hotmail.com ,GOIABEIRA,"78032065","5103403","","",AVENIDA DOM BOSCO,"1651","",ASSOCIAÇÃO MUNICIPAL DE KARATÊ-DO TRADICIONAL UNIÃO DA FORÇA,"",ARLENE BENEDITA MARQUES DE AMARANTE ,"65999376841",0,82,"","","",0.0,0.0,0,0,0,0,"",0,0,0,0,0,0,"",""
187,Martinez Dojo,CLUBE_PRINCIPAL,"",2022-09-02,"",moisesedson@hotmail.com,CENTRO,"78840000","5102678","","",AV ARNALDO ECKERT,S/N,"",MARTINEZ DOJO,"",MOISÉS EDSON SOUZA MARTINEZ,"65992177730",0,82,"","","",0.0,0.0,0,0,0,0,"",0,0,0,0,0,0,"",""
188,Black Belt,CLUBE_PRINCIPAL,"",2021-05-01,"86776517134",leandroaagostini@gmail.com,ARAÉS,"78005550","5103403","","",RUA MANOEL LEOPOLDINO,SN,"",BLACK BELT,"86776517134",LEANDRO DE ALMEIDA AGOSTINI,"65981642676",0,82,"","","",0.0,0.0,0,0,0,0,"",0,0,0,0,0,0,"",""
189,SHIBUMIKAN,CLUBE_PRINCIPAL,"51466848000141",2023-03-21,"",pedroshibumi@hotmail.com,JARDIM LINDÓIA,"91050190","4314902","","",TRAVESSA COMANDANTE GUSTAVO CRAMER,"90","",INSTITUTO SHIBUMIKAN DE KARATÊ-DÔ,"",JUAN PEDRO OSÓRIO GOMES ,"51999738915",0,134,"","","",0.0,0.0,0,0,0,0,"",0,0,0,0,0,0,"",""
190,ITKS-BRASIL,CLUBE_PRINCIPAL,"52204382000179",2023-05-08,"",cicerosantos47@yahoo.com,LAGOA AZUL,"59132692","2408102","","",RUA GETSÊMANE,"150","",ASSOCIAÇÃO ITKS BRASIL,"",CÍCERO ANTÔNIO DOS SANTOS,"84998088053",0,134,"","","",0.0,0.0,0,0,0,0,"",0,0,0,0,0,0,"",""
191,KIME KAN,CLUBE_PRINCIPAL,"24326150000158",2016-08-03,"",katleysmaha@gmail.com,VILA NOVA,"89237500","4209102",DOJO KIME KAN,"",RUA MARIA DE LURDES BACHTOLD,"45","",DOJO KIME KAN,"",NELSON MARIO AGUILERA FILHO,"5547988210359",0,80,"","","",0.0,0.0,0,0,0,0,"",0,0,0,0,0,0,"",""
192,MACHIDA,CLUBE_PRINCIPAL,"04142881000136",1980-06-03,"",apam@academiamachida.com,NAZARÉ,"66035190","1501402","","",TRAVESSA QUINTINO BOCAIÚVA,"1687","",ACADEMIA MACHIDA ,"",TAKE MACHIDA ,"9132246859",0,65,"","","",0.0,0.0,0,0,0,0,"",0,0,0,0,0,0,"",""
193,AMKT - HENKYÕ,CLUBE_PRINCIPAL,"37468255000193",2020-06-12,"84873507987",associacaomigueloestinakarate@gmail.com,AGOSTINI,"89900000","4217204","","",RUA JOSUE VIDOR,"28","",ASSOCIAÇÃO MIGUELOESTINA DE KARATE DO TRADICIONAL,"68184670915",SILVANI BOSI DA SILVA,"4931979797",0,80,"","","",0.0,0.0,0,0,0,0,"",0,0,0,0,0,0,"",""
194,MACHIDA,CLUBE_FILIAL,"",1980-06-03,"",apam@academiamachida.com,NAZARÉ,"66035190","1501402","","",TRAVESSA QUINTINO BOCAIÚVA,"1687","",ACADEMIA MACHIDA,"",TAKE MACHIDA,"9132246859",0,65,"","","",0.0,0.0,0,0,0,0,"",0,0,0,0,0,0,"",""
195,M,CLUBE_FILIAL,"04142881000136",1980-06-03,"",apam@academiamachida.com,NAZARÉ,"66035190","1501402","","",TRAVESSA QUINTINO BOCAIÚVA,"1687","",ACADEMIA MACHIDA,"",TAKE MACHIDA,"9132246859",0,85,"","","",0.0,0.0,0,0,0,0,"",0,0,0,0,0,0,"",""
196,Asslagoense,CLUBE_PRINCIPAL,"04711304000118",2019-08-08,"","",HIGIENÓPOLIS,"90520080","4311304","","",RUA LUZITANA,"411","",ASSOCIAÇÃO LAGOENSE DE KARATE-DO ,"",ANTONIO NEVIO,"",0,87,"","","",0.0,0.0,0,0,0,0,"",0,0,0,0,0,0,"",""
197,DIONERLLAS,CLUBE_PRINCIPAL,"53870778000118",2024-02-09,"",LUCASDIORNELLASDEASSIS@GMAIL.COM,CENTRO,"87550000","4100509","","",RUA GETULIO VARGAS,"682","",DOJO DIORNELLAS,"",LUCAS DIORNELLAS,"44998533886",0,75,"","","",0.0,0.0,0,0,0,0,"",0,0,0,0,0,0,"",""
198,FAKT,FEDERACAO,"54672496000179",2024-01-08,"",leylielsantos1976@gmail.com,BEIROL,"68902100","1600303","","",AVENIDA CARAMURU,"396","",FEDERAÇÃO DO ESTADO DO AMAPÁ  DE KARATÊ TRADICIONAL,"",LEYLIEL ,"96981127958",0,1,"","","",0.0,0.0,0,0,0,0,"",0,0,0,0,0,0,"",""
199,ITKF,FEDERACAO,"35449291000184",1988-01-01,"","",CENTRO,"80430200","4106902","","",RUA DESEMBARGADOR MOTTA,"3231","",INTERNATIONAL TRADICIONAL KARATE FEDERATION,"",GALBERTO GAERTNER,"",0,1,"","","",0.0,0.0,0,0,0,0,"",0,0,0,0,0,0,"",""
200,TATTE KARATE,CLUBE_PRINCIPAL,"52713114000182",2024-01-31,"",JOAOVITORCARUZO1212@GMAIL.COM,CENTRO,"86828000","4115754","","",R. LUIZ FRANCISCON,"423","",ESCOLA TATTE KARATÊ-DO DE MAUÁ DA SERRA,"",JOÃO VITOR CARUZO DOS SANTOS,"43996432799",0,75,"","","",0.0,0.0,0,0,0,0,"",0,0,0,0,0,0,"",""
201,FUDOSHIN-PAROBE,CLUBE_PRINCIPAL,"",1997-09-20,"",fudoshin.parobe@gmail.com,GUARANI,"95630000","4314050","","",ISAIAS RAYMUNDO ,"137","",ASSOCIAÇÃO FUDOSHIN DOJO ,"",LASIE HILARIO DA SILVA,"51995555267",0,87,"","","",0.0,0.0,0,0,0,0,"",0,0,0,0,0,0,"",""
202,ShinDoKai Karate,CLUBE_PRINCIPAL,"48766260000107",1997-09-20,"",cristian_mello@ymail.com,CENTRO,"98700000","4310207","2° ANDAR SALA 1","",RUA DR PESTANA,"721","",SHINDOKAI KARATÊ SHOTOKAN,"",CRISTIAN MELLO,"54996331820",0,87,"","","",0.0,0.0,0,0,0,0,"",0,0,0,0,0,0,"",""
203,Seishinkan,CLUBE_PRINCIPAL,"",1997-09-20,"",miguelkime1982@gmail.com,HIDRÁULICA,"97574140","4317103","","",RUA FERNANDO MACHADO,"39","",SEISHINKAN LIVRAMENTO ,"",MIGUEL ANGELO SANTOS,"55984096225",0,87,"","","",0.0,0.0,0,0,0,0,"",0,0,0,0,0,0,"",""
204,TATE,CLUBE_PRINCIPAL,"52713114000182",2024-01-10,"",joaovitorcaruzo1212@gmail.com,CENTRO,"86828000","4115754","","",RUA LUIS FRANCISCON,"423","",TATE KARATE,"",JOAO VITOR CARUZO DOS SANTOS,"43996432799",0,75,"","","",0.0,0.0,0,0,0,0,"",0,0,0,0,0,0,"",""
205,SHOSHIN DOJO,CLUBE_PRINCIPAL,"",1997-09-20,"",gollmann.ramon@yahoo.com.br,CENTRO,"95800000","4322608","","",RUA OSVALDO ARANHA,"365","",COMPLEXO DE KARATE-DO SHOSHIN DOJO,"",RAMON MICHAEL GOLLMANN,"51992594928",0,87,"","","",0.0,0.0,0,0,0,0,"",0,0,0,0,0,0,"",""
206,Corpo e Mente,CLUBE_PRINCIPAL,"",1997-09-20,"",csuzin_rs@hotmail.com,CENTRO,"99010010","4314100","","",RUA BENTO GONÇALVES,"212","",CORPO E MENTE DOJO,"",CLAUDINEI SUZIN,"54996147303",0,87,"","","",0.0,0.0,0,0,0,0,"",0,0,0,0,0,0,"",""
207,CLAMLS,CLUBE_PRINCIPAL,"24433537000103",2024-01-20,"",leylielsantos1976@gmail.com,BEIROL,"68902100","1600303",C,"",AVENIDA CARAMURU,"396","",CLUBE DE ARTES MARCIAIS LEYLIEL SANTOS ,"57009783268",LEYLIEL SILVA DOS SANTOS,"96981450308",0,198,"","","",0.0,0.0,0,0,0,0,"",0,0,0,0,0,0,"",""
208,Resistência,CLUBE_PRINCIPAL,"50673439000153",2022-03-26,"",karatecho2@yahoo.com.br,CENTRO,"84165250","4104907","","",RUA JONAS BORGES MARTINS,"859","",ASSOCIAÇÃO DE KARATE TRADICIONAL RESISTÊNCIA,"",ROBSON DA LUZ BARBOSA ,"42999618225",0,75,"","","",0.0,0.0,0,0,0,0,"",0,0,0,0,0,0,"",""
209,ONNA,CLUBE_PRINCIPAL,"",2018-03-01,"","",LINHO,"99704312","4307005","","",RUA IZABEL MADRID FERNANDES,"31","",ONNABUGEISHA,"",CRISTIANE BABINSKI,"",0,87,"","","",0.0,0.0,0,0,0,0,"",0,0,0,0,0,0,"",""
210,SENPO,CLUBE_PRINCIPAL,"",2017-01-01,"","",BARRA DA TIJUCA,"22790790","3304557","","",AVENIDA DJALMA RIBEIRO,"25","",SENPO,"",JAIME SANDALL,"",0,83,"","","",0.0,0.0,0,0,0,0,"",0,0,0,0,0,0,"",""
211,VIKING,CLUBE_PRINCIPAL,"",2020-01-01,"","",RECREIO DOS BANDEIRANTES,"22790150","3304557","","",RUA GUSTAVO CORÇÃO,"784","",ACADEMIA VIKING ,"",AFONSO CAMEROTTI,"",0,83,"","","",0.0,0.0,0,0,0,0,"",0,0,0,0,0,0,"",""
212,DOJOKAN,CLUBE_PRINCIPAL,"",2000-01-01,"","",INDEPENDÊNCIA,"25645230","3303906","","",RUA ALMIRANTE SALDANHA,"126","",DOJO-KAN PETROPÓLIS,"",GUSTAVO SCISTOWICZ,"",0,83,"","","",0.0,0.0,0,0,0,0,"",0,0,0,0,0,0,"",""
213,SAM,CLUBE_PRINCIPAL,"",2010-01-01,"","",CENTRO (PRAIA SECA),"28973002","3305505","","",RUA DOS PRAZERES,"00","",SAMURAI KARATE,"",ADEMIR RISOTTO,"",0,83,"","","",0.0,0.0,0,0,0,0,"",0,0,0,0,0,0,"",""
214,SIM,CLUBE_PRINCIPAL,"",2000-01-01,"","",CENTRO,"25610110","3303906","401","",RUA DOUTOR PORCIUNCULA,"24","",SIMAO KARATE SHOTOKAN ,"",CARLOS EDUARDO SIMAO,"",0,83,"","","",0.0,0.0,0,0,0,0,"",0,0,0,0,0,0,"",""
215,HIKARI,CLUBE_PRINCIPAL,"",2010-01-01,"","",CATETE,"22221010","3304557","","",RUA BENTO LISBOA,"57","",DOJO SHOTO HIKARI,"",MARCIO FREITAS,"",0,83,"","","",0.0,0.0,0,0,0,0,"",0,0,0,0,0,0,"",""
216,ARR,CLUBE_PRINCIPAL,"",2010-01-01,"","",CENTRO,"26680120","3303906","","",AVENIDA BARAO DO RIO BRANCO ,"620","", ARRIGONI DOJO PETROPOLIS,"",CARLOS FREDERICO VILLAR FRANCO,"",0,83,"","","",0.0,0.0,0,0,0,0,"",0,0,0,0,0,0,"",""
217,IKK,CLUBE_PRINCIPAL,"",2010-01-01,"","",VÁRZEA,"25963150","3305802","","",RUA NILZA CHIAPETA FADIGAS,"274","",INSTITUTO KOKUSAI KARATE-DO,"",FERNANDO ANDRÉ NUNES MACHADO,"",0,83,"","","",0.0,0.0,0,0,0,0,"",0,0,0,0,0,0,"",""
218,FGKT,FEDERACAO,"",2025-07-10,"",fgktradicional@gmail.com,CONJUNTO VALDECI PIRES,"75910412","5218805","","",AVENIDA ATLÂNTICA,"496","",FGKT- FEDERAÇÃO GOIANA DE KARATÊ TRADICIONAL,"71743707134",JOSÉ CARLOS MAZIERI JÚNIOR,"",0,1,"","","",0.0,0.0,0,0,0,0,"",0,0,0,0,0,0,"",""
219,MAZIERI,CLUBE_PRINCIPAL,"",2024-01-01,"71743707134","",CONJUNTO VALDECI PIRES,"75910412","5218805","","",AVENIDA ATLÂNTICA,"496","",DOJO MAZIERI,"71743707134",JOSÉ CARLOS MAZIERI JÚNIOR,"",0,218,"","","",0.0,0.0,0,0,0,0,"",0,0,0,0,0,0,"",""
220,OKI,CLUBE_PRINCIPAL,"",1992-01-01,"58751289172",DOJOOKINAWARV@GMAIL.COM,VILA AMÁLIA,"75906240","5218805","","",RUA 7,"236","",CLÃ OKINAWA,"58751289172",FERNANDO BERNARDES DA SILVA,"64999066803",0,218,"","","",0.0,0.0,0,0,0,0,"",0,0,0,0,0,0,"",""
221,AW,CLUBE_PRINCIPAL,"49570034000100",2023-02-13,"04486452119",felipeszervinsks@gmail.com,MONTE SINAI,"73770000","5200605","QUADRA 51, LOTE 10","",RUA FRANCISCO CARLOS,SN,"",ACADEMIA WATANABE,"04486452119",FELIPE SZERVINSKS DAMASCENO FERREIRA,"62996899487",0,218,"","","",0.0,0.0,0,0,0,0,"",0,0,0,0,0,0,"",""
222,DZ,CLUBE_PRINCIPAL,"",2022-06-05,"93727119420",JUNIORKARATE45@GMAIL.COM,MARTINS,"75904170","5218805",Q89 LOT 01 CASA 1,"",RUA BAHIA,SN,"",DOJO ZANSHIN ,"93727119420",JOSE JUNIOR DO NASCIMENTO,"64993182261",0,218,"","","",0.0,0.0,0,0,0,0,"",0,0,0,0,0,0,"",""
223,AKD,CLUBE_PRINCIPAL,"43657959000107",2021-09-26,"03765666122",jeronimoalexandrekarate@gmail.com,VILA BELA,"75890000","5220405", QD 10-A,"",RUA 12,"01","",AKAMON DOJÔ,"03765666122",JERONIMO ALEXANDRE SOUZA,"64996650878",0,218,"","","",0.0,0.0,0,0,0,0,"",0,0,0,0,0,0,"",""
224,AS,CLUBE_PRINCIPAL,"59059021000125",2025-01-23,"02190319161",karen_fatima@outlook.com,SETOR MORADA DO SOL,"75908770","5218805",QD 91 - LT 1A,"",RUA IZAURA CUNHA,SN,"",ACADEMIA SPORTS FITNESS,"02190319161",KAREN DE FATIMA ALVES DA SILVA,"64992328308",0,218,"","","",0.0,0.0,0,0,0,0,"",0,0,0,0,0,0,"",""
225,BRAZUCA FIGHT,CLUBE_PRINCIPAL,"31409384000124",2025-05-17,"",brasucafight@gmail.com,MELO VIANA,"35170150","3119401","","",AVENIDA GERALDO INÁCIO,"1217","",BRAZUCA FIGHT,"",RONALDO SAMUEL CARVALHO,"32998012221",0,74,"","","",0.0,0.0,0,0,0,0,"",0,0,0,0,0,0,"",""
226,SAN,CLUBE_PRINCIPAL,"",1990-04-01,"",luanecostataborelli@gmail.com,MORADA DA SERRA,"78055165","5103403",Q02,"",RUA CAXAÚBAS,"18","",SANTORYU DOJO,"",PERY TABORELLI DA SILVA NETO,"65999381990",0,82,"","","",0.0,0.0,0,0,0,0,"",0,0,0,0,0,0,"",""
227,TWD,CLUBE_PRINCIPAL,"24131036000172",2025-01-01,"",senseithiagolima@gmail.com,CENTRO,"78144495","5108402","","",AV. TIRADENTES,"07","",TODOME WAZA DOJO,"",THIAGO DE LIMA ANTONIO,"65984553761",0,82,"","","",0.0,0.0,0,0,0,0,"",0,0,0,0,0,0,"",""
228,BUSHIDO,CLUBE_PRINCIPAL,"",2020-01-10,"","",VILA ROSA,"12524430","3518404","","",RUA DAS MARGARIDAS,"211","",BUSHIDO DOJO,"",LUIZ APARECIDO QUEIROZ,"",0,76,"","","",0.0,0.0,0,0,0,0,"",0,0,0,0,0,0,"",""
229,BK,CLUBE_PRINCIPAL,"",2023-05-12,"35939027881",ozaniqui@gmail.com,SETOR CENTRAL,"74030050","5208707",DOJO BUDOKAN ,"",RUA 14,"279","",BUDOKAN GOIÂNIA,"35939027881",CARLOS ROBERTO OZANIQUI JÚNIOR,"62982634246",0,218,"","","",0.0,0.0,0,0,0,0,"",0,0,0,0,0,0,"",""
230,KAIZEN,CLUBE_PRINCIPAL,"",2020-01-20,"","",CENTRO,"99490000","4321006","","",RUA ALMIRANTE BARROSO,"313","",KAIZEN,"",LAERTE FRANÇA,"",0,87,"","","",0.0,0.0,0,0,0,0,"",0,0,0,0,0,0,"",""
231,RYUZO,CLUBE_PRINCIPAL,"",2006-01-01,"","",PARTENON,"90620280","4314902","","",RUA PADRE CALDAS,"21","",RYUZO KYOSHITSU,"",DENIS ALMEIDA,"",0,87,"","","",0.0,0.0,0,0,0,0,"",0,0,0,0,0,0,"",""
