"codigoexame","dataexame","descricaoexame","etapaexame","examinador_01","examinador_02","examinador_03","examinador_04","examinador_05","horaexame","localexame","codigoclube","codigocluberesponsavel"
1,2018-10-19,SHUDOKAN 19/10/2018,FINALIZADO,"0","0","0","0","0",19:00:00,CESPOC,53,2
3,2018-10-21,EXAME DA KAKUSHI,FINALIZADO,"0","0","0","0","0",09:30:00,CESPOC,52,2
2,2018-10-19,INSTITUTO SATORI DE ARTES MARCIAIS,INSCRICAO,"0","0","0","0","0",19:00:00,CESPOC,58,2
4,2018-11-10,ASKARF,FINALIZADO,"0","0","0","0","0",09:00:00,ACADEMIA PODIUM,54,2
5,2018-11-10,MAJOR COSME FARIAS,AVALIACAO,"0","0","0","0","0",09:00:00,ACADEMIA PODIUM,57,2
9,2018-11-25,EQUILIBRIO,AVALIACAO,"0","0","0","0","0",09:00:00,centro,55,2
7,2018-12-20,ASKARF,INSCRICAO,"0","0","0","0","0",09:00:00,SESC Feira de Santana,54,2
8,2018-11-24,REFLEXO,AVALIACAO,"0","0","0","0","0",14:00:00,ACADEMIA REFLEXO,31,2
10,2018-11-24,ASSAMACA,AVALIACAO,"0","0","0","0","0",14:00:00,RUA WALDEMAR FALC�O     BAIRRO BROTAS ACADEMIA REFLEXO,16,2
11,2018-11-24,GARRA ,AVALIACAO,"0","0","0","0","0",10:00:00,CASA DO MENOR,34,2
12,2018-11-25,AKAB,AVALIACAO,"0","0","0","0","0",09:00:00,FEIRA DE SANTANA,52,2
13,2018-12-08,NAIKA,AVALIACAO,"0","0","0","0","0",09:00:00,CENTRO EDUCACIONAL VIT�RIA R�GIA,28,2
14,2018-11-25,askabem,AVALIACAO,"0","0","0","0","0",10:00:00,askabem,51,2
15,2018-11-25,ASKA SUDOESTE,AVALIACAO,"0","0","0","0","0",09:00:00,ESCOLA NOSSA SENHORA DE F�TIMA BRUMADO,26,2
16,2018-12-09,REFLEXO ALAGOINHAS,FINALIZADO,"0","0","0","0","0",10:00:00,ALAGOINHAS,31,2
17,2018-12-09,ASKA SUDOESTE,AVALIACAO,"0","0","0","0","0",10:00:00,BRUMADO,26,2
18,2018-12-09,SATORI DOJ�,AVALIACAO,"0","0","0","0","0",10:00:00,SATONI DOJ�,58,2
19,2018-12-09,ASSAMACA,AVALIACAO,"0","0","0","0","0",09:00:00,SESC DE FEIRA DE SANTANA,16,2
20,2018-12-09,ASKARAM,AVALIACAO,"0","0","0","0","0",09:00:00,SESC-TOMBA,12,2
21,2018-12-02,SEKAI,AVALIACAO,"0","0","0","0","0",09:00:00,ACADEMIA SEKAI,32,2
22,2018-12-09,SESC-FEIRA,AVALIACAO,"0","0","0","0","0",09:00:00,SESC-TOMBA,38,2
23,2018-12-09,SHUDOKAN,AVALIACAO,"0","0","0","0","0",09:00:00,SESC-TOMBA,53,2
24,2018-12-02,AKA,AVALIACAO,"0","0","0","0","0",09:00:00,academia sekai,18,2
25,2018-12-08,MUSASHI,AVALIACAO,"0","0","0","0","0",16:00:00,COL. EST. PEDRO CALMON,24,2
26,2018-07-29,JINSEIKAN,AVALIACAO,"0","0","0","0","0",10:00:00,JINSEIKAN,46,2
27,2018-12-09,ASKAP,AVALIACAO,"0","0","0","0","0",09:00:00,SESC CONQUISTA,41,2
28,2018-12-09,BANZAI,AVALIACAO,"0","0","0","0","0",09:00:00,SESC CONQUISTA,59,2
29,2018-12-09,ASKAO,AVALIACAO,"0","0","0","0","0",10:00:00,ASKAO,22,2
30,2018-12-15,REFLEXO JEQUIE,AVALIACAO,"0","0","0","0","0",15:00:00,JEQUIE/BRUMADO,31,2
31,2018-12-15,ASKASUDOESTE,AVALIACAO,"0","0","0","0","0",15:00:00,BRUMADO,26,2
32,2018-12-14,AKA,AVALIACAO,"0","0","0","0","0",18:30:00,SEDE DO CLUBE,18,2
33,2018-12-09,ASKASUDOESTE,AVALIACAO,"0","0","0","0","0",09:00:00,ASKASUDOESTE,26,2
34,2018-12-09,SESC-CONQUISTA,AVALIACAO,"0","0","0","0","0",09:00:00,VITORIA DA CONQUISTA,39,2
35,2018-12-09,ARTSPORT,AVALIACAO,"0","0","0","0","0",09:00:00,SESC CONQUISTA,43,2
36,2018-12-08,ASKARF,AVALIACAO,"0","0","0","0","0",09:00:00,CENTRO EDUCACIONAL VITORIA REGIA,54,2
37,2018-12-16,DRAKON,FINALIZADO,"0","0","0","0","0",09:30:00,SESC AQUIDABA,23,2
38,2018-12-16,SESC-SALVADOR,AVALIACAO,"0","0","0","0","0",09:30:00,SESC AQUIDABA,27,2
39,2018-12-16,NAIKA,AVALIACAO,"0","0","0","0","0",09:00:00,SESC AQUIDABA,28,2
40,2018-12-16,MAJOR COSME FARIAS,AVALIACAO,"0","0","0","0","0",09:30:00,SESC AQUIDABA,57,2
41,2018-12-15,ASKAN,AVALIACAO,"0","0","0","0","0",14:00:00,ENTRE RIOS,49,2
42,2018-12-16,POMBAL KARATE CLUBE,AVALIACAO,"0","0","0","0","0",09:00:00,ESCOLA ALEGRIA DO SABER,25,2
43,2018-12-16,ASS. DESP. OKINAWA,AVALIACAO,"0","0","0","0","0",09:00:00,ESCOLA ALEGRIA DO SABER,30,2
44,2018-12-15,REFLEXO ALAGOINHAS,AVALIACAO,"0","0","0","0","0",09:00:00,REFLEXO ALAGOINHAS,31,2
45,2018-12-16,ASKASCEF,AVALIACAO,"0","0","0","0","0",09:00:00,RIBEIRA DO POMBAL,11,2
46,2018-12-16,GARRA OLINDINA,AVALIACAO,"0","0","0","0","0",09:00:00,RIBEIRA DO POMBAL,34,2
47,2018-12-16,CLUBE KARATE SALVADOR,AVALIACAO,"0","0","0","0","0",09:00:00,SESC,10,2
48,2019-01-27,CLUB ARTSPORT,AVALIACAO,"0","0","0","0","0",09:00:00,A DEFINIR,43,2
49,2018-12-21,KYOKAI,AVALIACAO,"0","0","0","0","0",09:00:00,S/N,42,2
50,2019-04-14,ASKARAM GRADUA�AO AT� 1� KYU,FINALIZADO,"0","0","0","0","0",09:00:00,"Centro de Artes e Esportes Unificados(CEU), Bairro Cidade Nova.",12,2
51,2019-04-14,Shudokan,FINALIZADO,"0","0","0","0","0",09:00:00,"Quadra Coberta do Dispens�rio Santana, R. V�nus S/N. Feira de Santana - BA.",53,2
52,2019-04-14,Associa��o Equil�brio ,FINALIZADO,"0","0","0","0","0",09:00:00,"Exame de faixa dos Clubes Equil�brio, AKAB e Askabem / Feira de Santana S/N.",55,2
53,2019-06-30,Associa�ao Equil�brio,INSCRICAO,"0","0","0","0","0",09:00:00,"Exame Clube Equil�brio, Feira de Santana S/N.",55,2
54,2019-09-15,Associa��o Equil�brio ,INSCRICAO,"0","0","0","0","0",09:00:00,"Exame Clube Equil�brio, Feira de Santana S/N.",55,2
55,2019-12-01,Associa��o Equil�brio ,INSCRICAO,"0","0","0","0","0",09:00:00,"Exame Clube Equil�brio, Feira de Santana S/N.",55,2
56,2019-05-11,REFLEXO gradua��o at� 1� Kyu,FINALIZADO,"0","0","0","0","0",14:30:00,A confirmar.,31,2
57,2019-04-14,SATORI,FINALIZADO,"0","0","0","0","0",09:00:00,DISPENS�RIO SANTANA / FEIRA DE SANTANA,58,2
58,2019-04-28,MUSASHI,FINALIZADO,"0","0","0","0","0",09:00:00,"Col�gio Estadual Professora Angelita Moreno, Ruas das Araras, Imbu�/ Salvador, pr�ximo ao Col�gio R�mulo de Almeida.",24,2
59,2019-04-14,ASSAMACA AT� 1� KYU,FINALIZADO,"0","0","0","0","0",09:00:00,"Centro de Artes e Esportes Unificados(CEU), Bairro Cidade Nova.",16,2
60,2019-04-28,DRAKON,AVALIACAO,"0","0","0","0","0",09:00:00,Academia Drakon - Itapu�,23,2
61,2019-05-11,Clube Karat� de Salvador,FINALIZADO,"0","0","0","0","0",09:00:00,"Academia Reflexo, Brotas, Salvador-BA.",10,2
62,2019-05-11,ASKARF,FINALIZADO,"0","0","0","0","0",14:00:00,"Academia Reflexo, Rua Waldemar Falc�o, n� 449, Brotas",54,2
63,2019-06-16,ASKARAM,AVALIACAO,"0","0","0","0","0",09:00:00,Pra�a Jo�o Avelange - Quadra Esportiva CEU,12,2
64,2019-06-02,ASKASUDOESTE,FINALIZADO,"23034","0","0","0","0",09:00:00,Vit�ria da Conquista (SESC Conquista).,26,2
65,2019-06-02,SESC Conquista,AVALIACAO,"0","0","0","0","0",14:00:00,Po��es (Gin�sio de Esportes).,39,2
66,2019-06-02,BANZAI,AVALIACAO,"0","0","0","0","0",08:30:00,SESC Conquista,59,2
67,2019-06-12,AKA,AVALIACAO,"0","0","0","0","0",18:30:00,AKA - ITAIGARA,18,2
68,2019-06-01,NAIKA,AVALIACAO,"0","0","0","0","0",15:00:00,"Col�gio Favo, Av. Silveira Martins / Cabula",28,2
69,2019-06-08,ASKARF,FINALIZADO,"0","0","0","0","0",09:00:00,"Academia Podium, Rua D. Jo�o VI / Brotas",54,2
70,2019-06-02,ARTSPORT,FINALIZADO,"0","0","0","0","0",09:00:00,SESC Vit�ria da Conquista.,43,2
71,2019-06-02,ASKAP,FINALIZADO,"0","0","0","0","0",09:00:00,SESC COQUISTA,41,2
72,2019-06-16,AZAKA,INSCRICAO,"0","0","0","0","0",09:30:00,SEDE DO CLUBE AZAKA,15,2
73,2019-06-08,MAJOR COSME FARIAS,FINALIZADO,"0","0","0","0","0",09:00:00,"ACADEMIA PODIUM, Rua Don Jo�o VI / Brotas",57,2
74,2019-08-19,ASKAO,FINALIZADO,"0","0","0","0","0",09:00:00,ACADEMIA FORMA F�SICA,22,2
75,2019-06-12,NAIKA,FINALIZADO,"0","0","0","0","0",18:30:00,Academia AKA - Itaigara,28,2
76,2019-08-04,REFLEXO ALAGOINHAS,AVALIACAO,"0","0","0","0","0",09:00:00,ACADEMIA FORMA F�SICA,31,2
77,2019-07-14,EQUILIBRIO,FINALIZADO,"0","0","0","0","0",09:00:00,ASSOCIA��O EQUIL�BRIO,55,2
78,2019-07-07,POMBAL KARATE CLUBE,FINALIZADO,"0","0","0","0","0",09:00:00,escola Alegria de Saber,25,2
79,2019-08-17,SATORI,AVALIACAO,"0","0","0","0","0",14:00:00,CESPOC - FEIRA DE SANTANA,58,2
80,2019-09-29,ASKASUDOESTE,AVALIACAO,"0","0","0","0","0",09:00:00,"Brumado (Escola Nsa. de Fatima).
",26,2
81,2019-07-14,JINSEIKAN,FINALIZADO,"0","0","0","0","0",10:00:00,"COM. PQ. COSTA VERDE, AV. ORLANDO GOMES, PIAT�",46,2
82,2019-07-07,ASSOCIA��O DESPORTIVA OKINAWA,FINALIZADO,"0","0","0","0","0",09:00:00,RIBEIRA DO POMBAL,30,2
83,2019-07-14,ASKARF,FINALIZADO,"0","0","0","0","0",09:00:00,"CONDOMINIO PARQUE COSTA VERDE - PIAT�
CONJUNTO COM A JINSEIKAN",54,2
84,2019-07-14,AKA,FINALIZADO,"0","0","0","0","0",09:00:00,ACADEMIA EQUILIBRIO (FEIRA DE SANTANA). CONJUNTO COM EQUILIBRIO,18,2
85,2019-08-31,REFLEXO,AVALIACAO,"0","0","0","0","0",14:30:00,"Academia Reflexo (Rua Waldemar Falc�o, Brotas)",31,2
86,2019-07-21,AZAKA,AVALIACAO,"0","0","0","0","0",08:30:00,Catu,15,2
87,2019-08-04,REFLEXO,INSCRICAO,"0","0","0","0","0",09:00:00,"Alagoinhas
",31,2
88,2019-08-17,SHUDOKAN,FINALIZADO,"0","0","0","0","0",14:30:00,"CESPOC - FEIRA DE SANTANA, CONJUNTO COM O CLUBE SATORI.",53,2
89,2019-08-24,MUSASHI,FINALIZADO,"0","0","0","0","0",14:00:00,SESC- AQUIDAB�,24,2
90,2019-08-24,DRAKON,AVALIACAO,"0","0","0","0","0",14:00:00,SESC - AQUIDAB�,23,2
91,2019-08-24,Reflexo - BROTAS,AVALIACAO,"0","0","0","0","0",14:00:00,Sesc-Aquidab�,31,2
92,2019-08-24,SESC-SALVADOR,AVALIACAO,"0","0","0","0","0",14:00:00,"SESC-AQUIDAB�
",27,2
93,2019-09-15,ASKARAM / GRADUA�AO AT� 1� KYU,FINALIZADO,"0","0","0","0","0",09:00:00,SESC - TOMBA,12,2
94,2019-08-31,Azaka,FINALIZADO,"0","0","0","0","0",14:30:00,Sede do clube reflexo,15,2
95,2019-08-31,SALVADOR,FINALIZADO,"0","0","0","0","0",14:30:00,"ACADEMIA REFLEXO - RUA WALDEMAR FALCAO, BROTAS",10,2
96,2019-09-15,ASKAGI,FINALIZADO,"0","0","0","0","0",09:00:00,"SESC-FEIRA DE SANTANA, RUA GUARATATUBA N�345, TOMBA /CONJUNTO ASKARAM",19,2
97,2019-09-29,MUSASHI,FINALIZADO,"0","0","0","0","0",09:00:00,"COL�GIO ANGELITA MORENO, IMBU�.",24,2
98,2019-09-15,SATORI,AVALIACAO,"0","0","0","0","0",09:00:00,"SESC TOMBA, FEIRA DE SANTANA.",58,2
99,2019-09-15,SESC FEIRA,AVALIACAO,"0","0","0","0","0",09:00:00,"SESC TOMBA, FEIRA DE SANTANA",38,2
100,2019-09-29,EQUILIBRIO,AVALIACAO,"0","0","0","0","0",09:00:00,"COL�GIO ESTADUAL ANGELITA MORENO, IMBUI, SALVADOR",55,2
101,2019-11-09,REFLEXO,FINALIZADO,"0","0","0","0","0",09:00:00,JEQUIÉ 9:00 HORAS / BRUMADO 15:00 HORAS.,31,2
102,2019-11-23,ASKARF,AVALIACAO,"0","0","0","0","0",09:00:00,CONDOMINIO COLINA DAS �RVORES - CABULA,54,2
103,2019-11-23,CLUBE KARATE SALVADOR,AVALIACAO,"0","0","0","0","0",09:00:00,"CONDOMINIO COLINA DAS �RVORES, CABULA, SALVADOR-BA.",10,2
104,2019-11-23,MAJOR COSME FARIAS,AVALIACAO,"0","0","0","0","0",09:00:00,CONDOMINIO COLINA DAS ARVORES -  CABULA,57,2
105,2019-12-01,ASKA SUDOESTE,AVALIACAO,"0","0","0","0","0",14:00:00,PO��ES (GIN�SIO DE ESPORTES),26,2
106,2019-12-01,SESC Conquista,FINALIZADO,"0","0","0","0","0",09:00:00,VICT�RIA DA CONQUISTA (SESC CONQUISTA),39,2
107,2019-12-01,NAIKA,FINALIZADO,"0","0","0","0","0",09:00:00,"COL�GIO VIT�RIA R�GIA, RUA SILVEIRA MARTINS, CABULA",28,2
108,2019-12-15,ASKARAM / GRADUA�AO AT� 1� KYU,AVALIACAO,"0","0","0","0","0",09:00:00,SESC - TOMBA,12,2
109,2019-11-24,REFLEXO,AVALIACAO,"0","0","0","0","0",08:00:00,"ESTACIONAMENTO DO SHOPPING BELA VISTA ,SALVADOR-BA",31,2
110,2019-12-15,SHUDOKAN,AVALIACAO,"0","0","0","0","0",10:00:00,"TEATRO, PRACA C�U, R.TAFAREL S/N, JARDIM AC�CIA, FEIRA DE SANTANA-BA",53,2
111,2019-12-15,SATORI DOJO,FINALIZADO,"0","0","0","0","0",10:00:00,"PRA�A DO C�U, JARDIM AC�SSIA.",58,2
112,2019-11-09,ASKA SUDOESTE,AVALIACAO,"0","0","0","0","0",15:00:00,BRUMADO,26,2
113,2019-11-24,ASKARF,AVALIACAO,"0","0","0","0","0",08:00:00,"ESTACIONAMENTO DO SHOPPING BELA VISTA, SALVADOR - BA",54,2
114,2019-11-23,REFLEXO,AVALIACAO,"0","0","0","0","0",09:00:00,CABULA,31,2
115,2019-12-17,AKA,FINALIZADO,"0","0","0","0","0",18:30:00,AKA ITAIGARA,18,2
116,2019-12-01,ASKAP,FINALIZADO,"0","0","0","0","0",13:30:00,"VICTORIA DA CONQUISTA, CONJUNTO SESC- CONQUISTA",41,2
117,2019-12-01,BANZAI,FINALIZADO,"0","0","0","0","0",13:00:00,SESC-CONQUISTA,59,2
118,2019-12-15,ASSAMACA AT� 1� KYU,AVALIACAO,"0","0","0","0","0",08:30:00,"RUA MANOEL VELABOIM, n� 200, Bairro Centro (academia)",16,2
120,2019-12-21,GARRA OLINDINA,FINALIZADO,"0","0","0","0","0",09:00:00,"OLINDINA, SEDE DO CLUBE.",34,2
121,2019-12-15,EQUILIBRIO,FINALIZADO,"0","0","0","0","0",09:00:00,ASSOCIA��O EQUILIBRIO.,55,2
122,2019-12-15,REFLEXO ALAGOINHAS,AVALIACAO,"0","0","0","0","0",09:00:00,"SEDE DO GRUPO DA AMIZADE, LOCALIZADO NA RUA AYRTON SENNA. EM FRENTE AO SESC E A RUA QUE LEVA A RODOVI�RIA.",31,2
123,2019-12-15,GARRA OLINDINA,AVALIACAO,"0","0","0","0","0",09:00:00,SALVADOR,34,2
124,2019-12-15,MUSASHI,FINALIZADO,"0","0","0","0","0",09:00:00,"Col�gio Estadual �ngelita Moreno, Imbui, Salvador- BA",24,2
125,2019-12-15,ASKAO,FINALIZADO,"0","0","0","0","0",09:00:00,CLUBE DA AMIZADE,22,2
126,2019-12-15,ASKABEM,AVALIACAO,"0","0","0","0","0",09:00:00,"FEIRA DE SANTANA, SEDE EQUILIBRIO.",51,2
127,2019-12-15,SESC SALVADOR,AVALIACAO,"0","0","0","0","0",09:00:00,Sesc Aquidab�,27,2
128,2019-12-15,DRAKON,FINALIZADO,"0","0","0","0","0",09:00:00,Sesc- Aquidab�,23,2
129,2019-12-21,OKINAWA,FINALIZADO,"0","0","0","0","0",09:00:00,RIBEIRA DO POMBAL,30,2
130,2019-12-21,AZAKA,INSCRICAO,"0","0","0","0","0",14:00:00,COLEGIO ESTADUAL DUQUE DE CAIXIAS,15,2
131,2019-12-23,AZAKA,FINALIZADO,"0","0","0","0","0",18:30:00,SEDE DO CLUBE AZAKA,15,2
132,2019-12-21,POMBAL KARATE CLUBE,FINALIZADO,"0","0","0","0","0",09:00:00,RIBEIRA DO POMBAL,25,2
133,2019-12-21,ASKAN,FINALIZADO,"0","0","0","0","0",14:00:00,AUDIT�RIO DUQUE DE CAXIAS,49,2
134,2020-02-02,ARTSPORT,AVALIACAO,"0","0","0","0","0",09:00:00,Candido Sales,43,2
135,2019-12-15,AKA,AVALIACAO,"0","0","0","0","0",09:00:00,"Col�gio Angelita Moreno, Imbu�.",18,2
136,2020-03-19,JINSEIKAN,INSCRICAO,"0","0","0","0","0",09:00:00,"CONDOMINIO PARQUE COSTA VERDE, PIAT�",46,2
137,2020-03-19,MUSASHI,INSCRICAO,"0","0","0","0","0",09:00:00,"CONDOMINIO PARQUE COSTA VERDE, PIAT�",24,2
138,2020-03-19,MAJOR COSME FARIAS,INSCRICAO,"0","0","0","0","0",09:00:00,"CONDOMINIO PARQUE COSTA VERDE, PIAT�",57,2
139,2020-03-19,ASKARF,INSCRICAO,"0","0","0","0","0",09:00:00,"CONDOMINIO PARQUE COSTA VERDE, PIAT�",54,2
140,2020-11-28,Reflexo,FINALIZADO,"0","0","0","0","0",09:00:00,"Av. Alphaville, Alphaville I",31,2
141,1994-04-29,Reflexo,AVALIACAO,"0","0","0","0","0",09:00:00,Dojo,31,2
142,2020-12-05,EXAME NAIKA ,FINALIZADO,"4436","0","0","0","0",09:00:00,Academia Podium - Rua D. Jo�o VI - Brotas ( Em frente ao material de constru��o rede O Joelh�o ) .,28,2
143,2020-12-05,EXAME ASKARF,FINALIZADO,"4436","0","0","0","0",09:00:00,Academia Podium - Rua D. Jo�o VI - Brotas ( Em frente ao material de constru��o rede O Joelh�o ) .,54,2
144,2020-12-20,EXAME ASSAMACA,FINALIZADO,"23034","0","0","0","0",09:00:00,Rua Manuel Velaboim n�200 Bairro Centro.,16,2
145,2020-12-05,EXAME MUSASHI,FINALIZADO,"4436","0","0","0","0",09:00:00,Academia Podium. Av. D. Jo�o VI. Brotas. Pr�ximo ao Col�gio Goes Calmon.,24,2
146,2020-12-20,EXAME ASKARAM,FINALIZADO,"4645","0","0","0","0",09:00:00,"Pra�a do C�u, Rua Tafarel S/N, Feira de Santana, BA",12,2
147,2020-12-20,EXAME SATORI,FINALIZADO,"4645","0","0","0","0",09:00:00,"Pra�a do C�u, Rua Tafarel S/N, Feira de Santana, BA",58,2
148,2020-12-20,EXAME SHUDOKAN,FINALIZADO,"4645","0","0","0","0",09:00:00,"Pra�a do C�u, Rua Tafarel S/N, Feira de Santana, BA",53,2
149,2020-12-12,EXAME DRAKON,AVALIACAO,"4436","0","0","0","0",09:00:00,"DRAKON ITAPU� - R. Itaperuna, 26 . NA RUA QUE FAZ ESQUINA COM A LOJA ESQUINA DAS EMBALAGENS",23,2
150,2020-12-12,EXAME MUSASHI_2 DEZ,FINALIZADO,"4436","0","0","0","0",09:00:00,DRAKON - ITAPU�. RUA ITAPERUNA. PR�XIMO A ESQUINA DAS EMBALAGENS. EXAME EM CONJUNTO COM A DRAKON.,24,2
151,2020-12-30,EXAME REFLEXO_2 DEZ,FINALIZADO,"4695","0","0","0","0",17:00:00,"R. Waldemar Falc�o, 449 - Brotas",31,2
152,2021-04-10,EXAME REFLEXO 2021 ABRIL,FINALIZADO,"0","0","0","0","0",15:00:00,REFLEXO,31,2
153,2021-05-30,EXAME  NAIKA MAIO 2021,INSCRICAO,"4436","0","0","0","0",09:00:00,COND. CAMPUS EXPERIMENTAL ? SABOEIRO.,28,2
154,2021-06-20,EXAME ASKASCEF JUNHO 2021,FINALIZADO,"23295","0","0","0","0",09:00:00,"END.  RUA EUCLIDES DA CUNHA,  S/N�,  BAIRRO: PITOMBA,  CIP�  -  BAHIA",11,2
155,2021-06-13,EXAME ASKASUDOESTE JUNHO 2021,FINALIZADO,"4472","0","0","0","0",09:00:00,Cidade Po��es BA.,26,2
156,2021-06-03,EXAME MUSASHI JUNHO 2021,FINALIZADO,"4695","0","0","0","0",18:30:00,"Rua Sim�es Filho, 122, Boca do Rio. Instituto Crescer",24,2
157,2021-06-12,EXAME ASKAGI JUNHO 2021,AVALIACAO,"23722","0","0","0","0",09:00:00,ASSAMACA  Localizada de Cruz das Almas,19,2
158,2021-06-12,EXAME ASSAMACA JUNHO 2021,FINALIZADO,"23722","0","0","0","0",10:00:00,Associa��o de Artes Marciais de Cruz das Almas,16,2
159,2021-08-07,EXAME REFLEXO AGOSTO 2021,FINALIZADO,"4436","0","0","0","0",14:00:00,Academia Reflexo Brotas,31,2
160,2021-07-18,EXAME SATORI JULHO 2021,FINALIZADO,"23722","0","0","0","0",09:00:00,CESPOC Feira de Santana-BA,58,2
161,2021-06-13,EXAME ARTSPORT JUNHO 2021,FINALIZADO,"4472","0","0","0","0",08:30:00,ESPA�O FITNESS ACADEMIA - PO��ES - BA,43,2
162,2021-07-24,EXAME BUSHIDO JULHO 2021,FINALIZADO,"4436","0","0","0","0",09:00:00,"Centro de Treinamento Bushid�, Avenida Dom Jo�o VI, N� 153 ? Bairro: Brotas. (Ponto de refer�ncia: no subsolo
do pr�dio ",64,2
163,2021-06-20,EXAME SHUDOKAN JUNHO 2021,FINALIZADO,"0","0","0","0","0",09:00:00,ESCOLA ALAN KARDEC - FEIRA DE SANTANA,53,2
164,2021-06-20,EXAME YU MAKOTO JUNHO 2021,FINALIZADO,"0","0","0","0","0",09:00:00,Col�gio Allan Kardec,62,2
165,2021-07-18,EXAME ASKARAM JULHO DE 2021,FINALIZADO,"4645","0","4695","0","0",09:00:00,ACADEMIA NOVA GERA��O,12,2
166,2021-08-07,EXAME NAIKA AGOSTO 2021,FINALIZADO,"0","0","0","0","0",14:00:00,"Exame de gradua��o na academia Reflexo, em parceria com o mesmo clube. O evento ocorrer� na sede da Reflexo em Brotas.",28,2
167,2021-08-07,EXAME AKA AGOSTO 2021,FINALIZADO,"0","0","0","0","0",14:00:00,"Exame de gradua��o na academia Reflexo, em parceria com o mesmo clube. O evento ocorrer� na sede da Reflexo em Brotas.",18,2
168,2021-08-29,EXAME REFLEXO ALAGOINHAS AGOSTO 2021,FINALIZADO,"4472","0","0","0","0",09:00:00,SEDE DO GRUPO DA AMIZADE  AV. AIRTON SENNA (PR�X. A RODOVI�RIA),31,2
169,2021-10-10,EXAME SHUDOKAN OUTUBRO 2021,FINALIZADO,"22647","0","0","0","0",09:00:00,ESCOLA ALAN KARDEC - FEIRA DE SANTANA,53,2
170,2021-09-11,EXAME DRAKON SETEMBRO 2021,FINALIZADO,"0","0","0","0","0",09:00:00,Drakon Itapu�.,23,2
171,2021-11-28,EXAME SATORI NOVEMBRO 2021,FINALIZADO,"4472","0","0","0","0",09:00:00,CESPOC - FEIRA DE SANTANA,58,2
172,2021-10-17,EXAME ASKARAM OUTUBRO 2021,FINALIZADO,"23722","0","0","0","0",09:00:00,ACADEMIA NOVA GERA��O,12,2
173,2021-10-17,EXAME SATORI OUTUBRO 2021,INSCRICAO,"23722","0","0","0","0",09:00:00,ACADEMIA NOVA GERA��O - Feira de Santana - EM CONJUNTO COM ASKARAM,58,2
174,2021-10-10,EXAME YU MAKOTO OUTUBRO 2021,FINALIZADO,"22647","0","0","0","0",09:00:00,EXAME JUNTO COM A SHUDOKAN - Col�gio Allan Kardec,62,2
175,2021-10-16,EXAME JINSEIKAN OUTUBRO 2021,FINALIZADO,"23722","0","0","0","0",09:00:00,ACADEMIA BUDOKAN ? PQ JULIO CESAR/PITUBA,46,2
176,2021-10-23,EXAME MUSASHI OUTUBRO 2021,FINALIZADO,"24072","0","0","0","0",09:00:00,CLUBE DE KARAT� SALVADOR - MARBACK - EM CONJUNTO COM O CLUBE SALVADOR,24,2
177,2021-10-23,EXAME SALVADOR OUTUBRO 2021,FINALIZADO,"24072","0","0","0","0",09:00:00,Clube de Karat�-D� Salvador - Marback,10,2
178,2021-10-23,EXAME NAIKA OUTUBRO 2021,FINALIZADO,"24072","0","0","0","0",09:00:00,CLUBE DE KARAT� SALVADOR - MARBACK - EM CONJUNTO COM O CLUBE SALVADOR,28,2
179,2021-11-07,EXAME POMBAL NOVEMBRO 2021,FINALIZADO,"0","0","0","0","0",08:00:00,"Av. Sta. Tereza, 64, em cima da Feira Embalagens  no beco lateral, vizinho a  lanchonete do pingo. ",25,2
180,2021-11-27,EXAME REFLEXO NOVEMBRO 2021,FINALIZADO,"24079","0","0","0","0",14:30:00,Brotas na academia Reflexo ,31,2
181,2021-11-13,EXAME HEIKA NOVEMBRO 2021,FINALIZADO,"0","0","0","0","0",16:00:00, Clube Costa Verde. Av. Orlando Gomes,67,2
182,2021-12-19,EXAME EQUILIBRIO DEZEMBRO 2021,FINALIZADO,"22647","0","4472","0","0",09:00:00,Av. Ayrton Sena  Bairro Mangabeira - PARCERIA COM ASKARAM,55,2
183,2021-12-11,EXAME ASKASUDOESTE 11 DEZ ,AVALIACAO,"4473","0","0","0","0",13:30:00,Gin�sio de Esportes  ? Po��es BA,26,2
184,2021-12-12,EXAME ASKASUDOESTE 12 DEZ ,INSCRICAO,"4473","0","0","0","0",09:00:00,Vit. da conquista,26,2
185,2021-12-12,EXAME ASKAP DEZEMBRO 2021,AVALIACAO,"4473","0","0","0","0",09:00:00,VIT�RIA DA CONQUISTA,41,2
186,2021-12-11,EXAME NAIKA DEZEMBRO 2021,FINALIZADO,"23747","0","0","0","0",09:00:00,COL�GIO VIT�RIA R�GIA - CABULA,28,2
187,2021-12-11,EXAME REFLEXO DEZEMBRO 2021,FINALIZADO,"0","0","0","0","0",09:00:00,COL�GIO VIT�RIA R�GIA NO CABULA - PARCERIA COM NAIKA,31,2
188,2021-12-05,EXAME BUSHIDO DEZEMBRO 2021,FINALIZADO,"4436","0","0","0","0",09:00:00,"Academia - Av. D. Jo�o VI, 153, Subsolo - Brotas",64,2
189,2021-12-17,EXAME AKA DEZEMBRO 2021,AVALIACAO,"23722","4645","0","0","0",18:30:00,Academia AKA ITAIGARA,18,2
190,2021-12-17,EXAME SEKAI DEZEMBRO 2021,INSCRICAO,"23722","4645","0","0","0",18:30:00,Academia AKA ITAIGARA,32,2
191,2021-12-19,EXAME REFLEXO ALAGOINHAS DEZ 2021,FINALIZADO,"4474","0","0","0","0",09:00:00,Grupo da Amizade ? Alagoinhas Velha,31,2
193,2021-12-19,EXAME ASKARAM DEZEMBRO 2021,FINALIZADO,"22647","0","4472","0","0",09:00:00,Av. Ayrton Sena . Bairro Mangabeira,12,2
194,2021-12-11,EXAME ASKARF DEZEMBRO 2021,FINALIZADO,"23747","0","0","0","0",09:00:00,Centro educacional vit�ria R�gia - EM PARCERIA COM NAIKA,54,2
195,2021-12-19,EXAME ARGOLO DOJO DEZEMBRO 2021,FINALIZADO,"22647","0","4472","0","0",09:00:00,"Av. Ayrton Sena ? Bairro Mangabeira, EM CONJUNTO COM O CLUBE EQUIL�BRIO E ASKARAM",72,2
196,2021-12-12,EXAME ARTSPORT DEZEMBRO 2021,AVALIACAO,"4473","0","0","0","0",09:30:00,EXAME EM PARCERIA COM A ASKASUDOESTE.,43,2
197,2021-12-11,EXAME MUSASHI DEZEMBRO 2021,FINALIZADO,"23747","0","0","0","0",09:00:00,Col�gio Vit�ria R�gia. EXAME EM PARCERIA COM A NAIKA,24,2
198,2021-12-18,EXAME JINSEIKAN DEZEMBRO 2021,FINALIZADO,"23722","0","0","0","0",09:00:00,EXAME REALIZADO NA SEDE DA ACADEMIA DRAKON - EXAME EM PARCERIA COM A DRAKON,46,2
199,2021-12-18,EXAME DRAKON DEZEMBRO 2021,AVALIACAO,"23722","0","0","0","0",09:00:00,Sede da academia Drakon na Av. Dorival Cayme.,23,2
200,2021-12-19,EXAME SHUDOKAN DEZEMBRO 2021,FINALIZADO,"22647","0","4472","0","0",09:00:00,Av. Ayrton Sena . Bairro Mangabeira - EXAME EM CONJUNTO COM  A ASSOCIA��O ASKARAM,53,2
201,2021-12-11,EXAME ASSAMACA DEZEMBRO 2021,FINALIZADO,"0","0","0","0","0",09:00:00,"Pra�a Senador Tem�stocles, 672 - Centro - Cruz das Almas (Ao lado do BRADESCO)",16,2
202,2021-12-11,EXAME SATORI DEZEMBRO 2021,FINALIZADO,"4645","0","0","0","0",09:00:00,SEDE DA ASSOCIA��O,58,2
203,2021-12-11,EXAME ASKAGI DEZEMBRO 2021,FINALIZADO,"0","0","0","0","0",10:00:00,"Pra�a Senador Tem�stocles, 672 - Centro - Cruz das Almas (Ao lado do BRADESCO)",19,2
204,2022-04-23,EXAME HEIKA ABRIL 2022,FINALIZADO,"0","0","0","0","0",15:30:00,Piat�,67,2
205,2022-04-10,EXAME ASKARAM ABRIL 2022,FINALIZADO,"23722","0","0","0","0",09:00:00,Academia Nova Gera��o - Mangabeira,12,2
206,2022-04-23,EXAME JINSEIKAN ABRIL 2022,FINALIZADO,"0","0","0","0","0",15:00:00,Academia HEIKA. AV. ORLANDO GOMES. INFORMADO 6 ATLETAS,46,2
207,2022-04-24,EXAME SHUDOKAN ABRIL 2022,FINALIZADO,"4436","0","8284","0","0",09:00:00,ESCOLA ALLAN KARDEC,53,2
208,2022-05-22,EXAME BUSHIDO MAIO 2022,INSCRICAO,"0","0","0","0","0",09:00:00,"Centro de Treinamento Bushid�, Avenida Dom Jo�o VI, N� 153 ? Bairro: Brotas. (Ponto de refer�ncia: no subsolo
do pr�dio ",64,2
209,2022-05-11,EXAME AKA MAIO 2022,FINALIZADO,"0","0","0","0","0",18:30:00,AKA ITAIGARA,18,2
210,2022-05-15,EXAME ASKASCEF MAIO 2022,FINALIZADO,"24562","0","0","0","0",09:00:00,Sede da academia no munic�pio de Cip�.,11,2
211,2022-05-14,EXAME DRAKON MAIO 2022,FINALIZADO,"4645","0","0","0","0",09:00:00,SEDE DA ACADEMIA DRAKON - ITAPU� - AV.  DORIVAL CAYME,23,2
213,2022-06-11,EXAME NAIKA JUNHO 2022,FINALIZADO,"23747","0","0","0","0",14:00:00,SEDE NAIKA CABULA,28,2
214,2022-06-12,EXAME SPORT TOMBA JUNHO 2022,INSCRICAO,"4472","0","0","0","0",09:00:00,Feira de Santana - Sede do clube Spazio Dom Itamar,73,2
215,2022-06-11,EXAME ASKABEM JUN 2022,FINALIZADO,"0","0","0","0","0",14:00:00,SEDE DA NAIKA - CABULA. EXAME EM CONJUNTO COM NAIKA,51,2
216,2022-06-11,EXAME ASKARF JUN 2022,FINALIZADO,"0","0","0","0","0",14:00:00,SEDE NAIKA - CABULA. EXAME EM CONJUNTO COM NAIKA,54,2
217,2022-06-12,EXAME EQUILIBRIO JUNHO 2022,AVALIACAO,"4472","0","0","0","0",09:00:00,Feira de Santana em conjunto com Sport Tomba. Spazio Dom Itamar.,55,2
218,2022-07-17,EXAME ASKARAM JULHO 2022,AVALIACAO,"4695","0","0","0","0",09:00:00,ACADEMIA NOVA GERA��O,12,2
219,2022-06-21,EXAME MUSASHI JUNHO 2022,FINALIZADO,"4695","0","0","0","0",18:30:00,"Rua Sim�es Filho, n� 122, Boca do Rio",24,2
220,2022-07-17,EXAME EQUILIBRIO JULHO 2022,AVALIACAO,"0","0","0","0","0",09:00:00,ACADEMIA NOVA GERA��O - EXAME EM CONJUNTO COM O CLUBE ASKARAM,55,2
221,2022-07-23,EXAME ASKAGI JULHO 2022,FINALIZADO,"4472","0","0","0","0",10:00:00,"ACADEMIA SELECT TRAINING
Rua Macei�, 451 - Bairro: Santa Rita
CEP: 44430-414 - SANTO ANTONIO DE JESUS - BA",19,2
222,2022-07-24,EXAME REFLEXO ALAGOINHAS JULHO 2022,INSCRICAO,"0","0","0","0","0",09:30:00,Grupo da Amizade � Alagoinhas Velha,31,2
223,2022-07-27,EXAME SHUDOKAN JULHO 2022,AVALIACAO,"4472","0","0","0","0",18:00:00,ACADEMIA SHUDOKAN - FEIRA DE SANTANA.  ATLETAS ORIUNDOS DO CLUBE SATORI SOB RESPONSABILIDADE DE BENVINDO.,53,2
224,2022-08-20,EXAME HEIKA AGOSTO 2022,FINALIZADO,"4695","0","0","0","0",15:30:00,CLUBE COSTA VERDE,67,2
225,2022-08-21,EXAME OKINAWA AGOSTO 2022,FINALIZADO,"24562","0","0","0","0",08:00:00,SAL�O DE EVENTOS COL�GIO S�O JOS�.,30,2
226,2022-08-06,EXAME DRAKON AGOS 2022,FINALIZADO,"4645","0","0","0","0",09:00:00,"RUA ITAPERUNA, 26, ITAPU�",23,2
227,2022-08-21,EXAME POMBAL AGOSTO 2022,FINALIZADO,"24562","0","0","0","0",09:00:00,"6 atletas para a cidade de C�cero Dantas, SAL�O DE EVENTOS COL�GIO S�O JOS�.",25,2
228,2022-08-21,EXAME  ASKASUDOESTE AGOSTO 2022,AVALIACAO,"4673","0","0","0","0",08:00:00,Clube Recreativo. Po��es BA,26,2
229,2022-08-21,EXAME  ASKASUDOESTE AGOSTO 2022_2,AVALIACAO,"4673","0","0","0","0",14:30:00,Escola Castrinho  Vit. da conquista,26,2
230,2022-08-21,EXAME ASKAP AGOSTO 2022,INSCRICAO,"4673","0","0","0","0",14:30:00,EXAME EM CONJUNTO COM ASKASUDOESTE. Escola Castrinho. Vit. da conquista,41,2
231,2022-08-21,EXAME ARTSPORT AGOSTO 2022,AVALIACAO,"4673","0","0","0","0",14:30:00,EXAME EM CONJUNTO COM ASKASUDOESTE. Escola Castrinho. Vit. da conquista,43,2
232,2022-08-20,EXAME JINSEIKAN AGOSTO 2022,FINALIZADO,"4695","0","0","0","0",15:30:00,EXAME EM CONJUNTO COM A ACADEMIA HEIKA. AV ORLANDO GOMES PIAT�,46,2
233,2022-08-21,EXAME SHUDOKAN AGOSTO 2022,AVALIACAO,"0","0","0","0","0",09:00:00,DISPENS�RIO SANTANA,53,2
234,2022-08-30,EXAME ASKARF AGOSTO 2022,AVALIACAO,"16071","0","0","0","0",17:00:00,ACADEMIA PODIUM. BROTAS,54,2
235,2022-08-21,EXAME YU MAKOTO AGOSTO 2022,FINALIZADO,"0","0","0","0","0",09:00:00,EXAME EM CONJUNTO COM SHUDOKAN,62,2
236,2022-09-17,EXAME BUSHIDO SETEMBRO 2022,AVALIACAO,"4695","0","0","0","0",08:00:00,"Gin�sio de Esportes do Col�gio Bom Pastor, na Rua Waldemar Falc�o, n� 567 ? Bairro: Brotas. (Ponto de refer�ncia: Perto ",64,2
237,2022-09-14,EXAME AKA SETEMBRO 2022,FINALIZADO,"4699","0","0","0","0",18:00:00,"ITAIGARA, SEDE DA AKA",18,2
238,2022-09-17,EXAME NAIKA SETEMBRO 2022,INSCRICAO,"4695","0","0","0","0",08:00:00,COLEGIO BOM PASTOR   EXAME EM CONJUNTO COM O CLUBE BUSHIDO,28,2
239,2022-10-08,EXAME GARRA OUTUBRO 2022,AVALIACAO,"0","0","0","0","0",09:30:00,"Escola Sol da Manha, Rua Promotor Rapold Filho de Baixo, n 46, Boa Vista de Sao Caetano.",34,2
240,2022-10-09,EXAME ASKARAM OUTUBRO 2022,FINALIZADO,"4695","4645","0","0","0",09:00:00,ACADEMIA PEQUENO MESTRE,12,2
241,2022-09-24,EXAME DRAKON SETEMBRO 2022,AVALIACAO,"4645","0","0","0","0",09:00:00,Sede da academia Drakon Itapu�,23,2
242,2022-11-05,EXAME BUSHIDO NOVEMBRO 2022,AVALIACAO,"4436","0","0","0","0",15:00:00,"Centro de Treinamento Bushid�, na Rua Teixeira Barros, no 55 ? Bairro: Brotas. (Ponto de refer�ncia: Em frente a Carlos ",64,2
243,2022-10-16,EXAME SPORT TOMBA OUTUBRO 2022,AVALIACAO,"4472","0","0","0","0",09:00:00,Academia Sport Tomba Rua do ouvidor 413 Feira de Santana,73,2
244,2022-11-05,EXAME HEIKA NOVEMBRO 2022,FINALIZADO,"23722","0","0","0","0",15:30:00,PIAT�,67,2
245,2022-12-03,EXAME NAIKA_2 DEZEMBRO 2022,AVALIACAO,"11842","0","25247","0","0",08:00:00,COL�GIO VIT�RIA R�GIA,28,2
246,2022-10-22,EXAME SALVADOR NOVEMBRO 2022,AVALIACAO,"4436","0","0","0","0",09:00:00,Clube de Karat�-D� Salvador - Marback,10,2
247,2022-10-22,EXAME MUSASHI NOVEMBRO 2022,FINALIZADO,"4436","0","0","0","0",09:00:00,Clube de Karat�-D� Salvador - Marback,24,2
248,2022-12-07,EXAME NAIKA_1 DEZEMBRO 2022,AVALIACAO,"4699","0","0","0","0",15:00:00,Centro Educacional Luzi�nia - Resgate Cabula,28,2
249,2022-12-17,EXAME SHID TIGER DEZEMBRO 2022,FINALIZADO,"4645","0","0","0","0",14:00:00,"Escola Nossa Senhora de F�tima, Brumado, Bahia",61,2
252,2022-11-12,EXAME ASKASCEF NOVEMBRO 2022,FINALIZADO,"24562","0","0","0","0",08:00:00,SEDE DA ASKASCEF BAIRRO PITOMBA - CIP� - BA,11,2
251,2022-11-05,EXAME JINSEIKAN NOVEMBRO 2022,AVALIACAO,"0","0","0","0","0",15:00:00,COL�GIO ESTADUAL LOMANTO JR. - ITAPOAN,46,2
253,2022-11-05,EXAME ASKABEM NOVEMBRO 2022,AVALIACAO,"4436","0","0","0","0",15:00:00,SEDE DO CLUBE BUSHID� - EXAME EM ARTICULA��O COM O CLUBE CITADO,51,2
254,2022-12-03,EXAME ASKAGI DEZEMBRO 2022,AVALIACAO,"4472","0","0","0","0",10:00:00,"Academia Select Training, Rua Macei�, 451 - Santa Rita
SANTO ANT�NIO DE JESUS - BA
CEP 4430.414 ",19,2
255,2022-12-04,EXAME N GERA��O DEZEMBRO 2022,AVALIACAO,"4645","0","0","0","0",09:00:00,SEDE DO CLUBE - FEIRA DE SANTANA,115,2
256,2022-11-26,EXAME GARRA NOVEMBRO 2022,INSCRICAO,"0","0","0","0","0",09:00:00,"Escola Sol da Manh� ? Rua Rapold Filho de Baixo, n�46, Boa Vista de S�o Caetano",34,2
257,2022-12-03,EXAME BUSHIDO DEZEMBRO 2022,AVALIACAO,"0","0","0","0","0",08:30:00,EXAME EM CONJUNTO COM NAIKA. CENTRO EDUCACIONAL VITORIA REGIA,64,2
258,2022-12-04,EXAME EQUILIBRIO DEZEMBRO 2022,INSCRICAO,"0","0","0","0","0",09:00:00,SEDE DO CLUBE,55,2
259,2022-12-06,EXAME ASKARF DEZEMBRO 2022,AVALIACAO,"4699","0","0","0","0",17:00:00,"Academia podium, Avenida D. Jo�o VI - Brotas",54,2
260,2022-12-18,EXAME ASKAP DEZEMBRO 2022,INSCRICAO,"0","0","0","0","0",08:30:00,VITORIA DA CONQUISTA,41,2
261,2022-12-11,EXAME ASKASUDOESTE DEZEMBRO 2022_11,AVALIACAO,"0","0","0","0","0",08:00:00,PO�OES,26,2
262,2022-12-18,EXAME ASKASUDOESTE DEZEMBRO 2022_18,AVALIACAO,"0","0","0","0","0",08:00:00,VITORIA DA CONQUISTA EM CONJUNTO COM ASKAP E ARTSPORT,26,2
263,2022-12-04,EXAME AKA DEZEMBRO DE 2022,FINALIZADO,"24094","0","0","0","0",09:00:00,"EXAME EM BRUMADO, EM DOJO ANEXO AO DA AKA, SOB RESPONSABILIDADE DE JOS� RENATO SAMPAIO",18,2
264,2022-12-11,EXAME OKINAWA DEZEMBRO 2022,AVALIACAO,"24562","0","0","0","0",09:00:00,SEDE DO CLUBE - C�CERO DANTAS,30,2
265,2022-12-18,EXAME ARTSPORT DEZEMBRO 2022,AVALIACAO,"0","0","0","0","0",08:30:00,VITORIA DA CONQUISTA EM CONJUNTO COM ASKAP E ASKASUDOESTE,43,2
266,2022-12-11,EXAME SHUDOKAN DEZEMBRO 2022,AVALIACAO,"4695","0","0","0","0",14:00:00,"DISPENSARIO SANTANA. RUA VENUS, 275, JARDIM AC�CIA",53,2
267,2022-12-06,EXAME C FARIAS DEZEMBRO 2022,INSCRICAO,"4699","0","0","0","0",15:00:00,EXAME EM CONJUNTO COM ASKARF Academia Podium Av.Dom VI Brotas,57,2
268,2022-12-18,EXAME NINTAI NORBSON DEZEMBRO 2022,INSCRICAO,"24094","0","0","0","0",09:30:00,ALAGOINHAS,29,2
269,2022-12-17,EXAME DRAKON DEZEMBRO 2022,INSCRICAO,"24094","0","0","0","0",09:00:00,SEDE DO CLUBE DRAKON ITAPU�,23,2
270,2022-12-11,EXAME YU MAKOTO DEZEMBRO 2022,FINALIZADO,"4695","0","0","0","0",14:00:00,EXAME EM CONJUNTO COM SHUDOKAN,62,2
271,2022-12-11,EXAME ASKARAM DEZEMBRO 2022,FINALIZADO,"23722","0","0","0","0",09:00:00,EXAME NA SEDE DA ASKARAM,12,2
272,2022-12-17,EXAME HEIKA DEZEMBRO 2022,FINALIZADO,"24094","0","0","0","0",09:00:00,SEDE DA ACADEMIA DRAKON EM ITAPU�. EXAME EM CONJUNTO COM A ACADEMIA DRAKON.,67,2
273,2022-07-24,EXAME NINTAI JULHO 2022,FINALIZADO,"0","0","0","0","0",09:00:00,SEDE DO CLUBE NINTAI,29,2
274,2023-02-11,EXAME AKA FEVEREIRO 2023,AVALIACAO,"4699","0","0","0","0",09:00:00,SEDE DA ACADEMIA AKA - ITAIGARA,18,2
275,2023-02-11,EXAME GARRA,INSCRICAO,"4699","0","0","0","0",09:00:00,EXAME JUNTO COM A AKA,34,2
276,2023-03-25,EXAME MUSASHI MARCO 2023,FINALIZADO,"0","0","0","0","0",09:00:00,"R. Geraldo Suerdick, nUmero 12, Boca do Rio. SSA. BA.",24,2
277,2023-04-01,EXAME HEIKA ABRIL 2023,FINALIZADO,"4436","4436","0","0","0",15:30:00,COLEGIO LOMANTO JUNIOR EM ITAPUA,67,2
278,2023-04-01,EXAME JINSEIKAN ABRIL 2023,AVALIACAO,"4436","4436","0","0","0",15:30:00,COLEGIO LOMANTO JUNIOR,46,2
279,2023-04-01,EXAME NAIKA ABRIL 2023,FINALIZADO,"4436","0","0","0","0",15:30:00,ESCOLA ESTADUAL LOMANTO JUNIOR,28,2
280,2023-04-09,EXAME ASKARAM ABRIL 2023,FINALIZADO,"23747","0","0","0","0",09:00:00,SEDE DA ASKARAM FEIRA DE SANTANA,12,2
281,2023-05-06,EXAME GRAD. FAIXAS DOJO ARAUJO IPATINGA,FINALIZADO,"25643","0","0","0","0",15:00:00,RUA ECLESIASTES - 630 - RESID. AYRTON SENNA - IPATINGA - MG,78,74
282,2023-05-07,EXAME TEKIOSEI MAIO 2023,FINALIZADO,"8284","23747","0","0","0",09:00:00,RESIDENCIAL FEIRA DE SANTANA LIFE. PEDRA DO DESCANSO,122,2
283,2023-05-27,EXAME DE FAIXA ASCAM,INSCRICAO,"0","0","0","0","0",10:00:00,SEDE DO CLUBE ASCAM,86,85
284,2023-05-07,EXAME SHUDOKAN MAIO 2023,AVALIACAO,"4695","22788","0","0","0",14:00:00,DISPENSARIO SANTANA,53,2
285,2023-05-07,EXAME YU MAKOTO MAIO 2023,FINALIZADO,"4695","22788","0","0","0",14:00:00,EXAME EM CONJUNTO COM SHUDOKAN. DISPENSARIO SANTANA,62,2
286,2023-05-13,EXAME ASKARF MAIO 2023,FINALIZADO,"4695","0","0","0","0",09:00:00,"Academia podium, Avenida D. Jo�o VI Brotas",54,2
287,2023-06-10,EXAME ASKASCEF JUN 2023,FINALIZADO,"24562","0","0","0","0",09:00:00,SEDE DA ASKASCEF EM CIP�,11,2
288,2023-06-04,EXAME EQUILIBRIO JUNHO 2023,INSCRICAO,"23747","0","0","0","0",09:00:00,SEDE DO CLUBE  FEIRA DE SANTANA,55,2
289,2023-06-10,EXAME BUSHIDO JUNHO 2023,FINALIZADO,"4695","0","0","0","0",15:00:00,"Centro de Treinamento Bushid�, Rua Teixeira Barros, N� 55 ? Bairro: Brotas. (Ponto de refer�ncia: em frente a
Carlos Flo",64,2
290,2023-06-04,EXAME OKINAWA JUNHO 2023,FINALIZADO,"24562","0","0","0","0",08:00:00,C�CERO DANTAS COLEGIO CEEP CICERO DANTAS,30,2
291,2023-06-11,EXAME NOVA GERA��O JUNHO 2023,FINALIZADO,"23747","0","0","0","0",09:00:00,AV. AYRTON SENNA - FEIRA DE SANTANA,115,2
292,2023-05-27,EXAME NAIKA MAI 2023,FINALIZADO,"4699","0","0","0","0",14:30:00,CABULA - VITORIA REGIA,28,2
293,2023-06-11,EXAME SPORTTOMBA JUNHO 2023,AVALIACAO,"0","0","0","0","0",09:00:00,"SPAZIO DOM ITAMAR VIANA. RUA TORQUATO, 52, TOMBA FEIRA DE SANTANA",73,2
294,2023-05-28,EXAME NINTAI MAIO 2023,AVALIACAO,"4472","0","0","0","0",09:00:00,SEDE DA ACADEMIA NINTAI ALAGOINHAS,29,2
295,2023-06-10,EXAME POMBAL JUNHO 2023,FINALIZADO,"0","0","0","0","0",09:00:00,SEDE DA ASKASCEF EM CIP� - EXAME EM CONJUNTO COM O CLUBE ASKASCEF,25,2
296,2023-06-11,EXAME TEKIOSEI JUNHO 2023,FINALIZADO,"0","0","0","0","0",09:00:00,"SPAZIO DOM ITAMAR VIANA. RUA TORQUATO, 52, TOMBA FEIRA DE SANTANA EM CONJUNTO COM SPORT TOMBA",122,2
297,2023-06-11,EXAME ASKABEM JUNHO 2023,FINALIZADO,"0","0","0","0","0",09:00:00,"SPAZIO DOM ITAMAR VIANA. RUA TORQUATO, 52, TOMBA FEIRA DE SANTANA EM CONJUNTO COM SPORT TOMBA",51,2
298,2023-06-10,EXAME ASKABEM SSA JUNHO 2023,AVALIACAO,"0","0","0","0","0",15:00:00,"END Rua Teixeira Barros, N� 55 Bairro: Brotas. (Ponto de refer�ncia: em frente a Carlos Flores). CEP: 40.279-080  EM CON",51,2
299,2023-06-18,EXAME ASKAP JUNHO 2023,FINALIZADO,"0","0","0","0","0",09:30:00,"EXAME EM VITORIA DA CONQUISTA EM CONJUNTO ASKAP, ASKASUDOESTE E ARTE SPORT",41,2
300,2023-06-18,EXAME ARTSPORT JUNHO 2023,FINALIZADO,"0","0","0","0","0",08:30:00,"EXAME EM VITORIA DA CONQUISTA EM CONJUNTO ASKAP, ASKASUDOESTE E ARTSPORT",43,2
301,2023-06-18,EXAME  VIT CONQUI ASKASUDOESTE JUNHO 2023,AVALIACAO,"0","0","0","0","0",09:00:00,"EXAME EM VITORIA DA CONQUISTA EM CONJUNTO ASKAP, ASKASUDOESTE E ARTSPORT",26,2
302,2023-07-17,EXAME  POCOES ASKASUDOESTE JUNHO 2023,AVALIACAO,"0","0","0","0","0",09:00:00,EXAME REALIZADO NA SEDE ASKASUDOESTE EM POCOES EXAME REALIZADO EM 17.06.2024,26,2
306,2023-07-29,EXAME MUSASHI JULHO 2023,FINALIZADO,"4695","0","0","0","0",09:00:00,"R. Geraldo Suerdieck - Boca do Rio. Salvador - BA, 41706-780",24,2
304,2023-07-15,EXAME GRAD. FAIXAS DOJO ARAUJO-IPATINGA,FINALIZADO,"25643","0","0","0","0",15:00:00,"RUA ECLESIASTES, 630 - RESIDENCIAL AYRTON SENNA
IPATINGA - MINAS GERAIS",78,74
305,2023-07-08,EXAME AKA INTERIOR JULHO 2023,FINALIZADO,"0","0","0","0","0",09:00:00,EXAME CLUBE AKA BRUMADO,18,2
307,2023-07-16,EXAME TEKIOSEI JULHO 2023,FINALIZADO,"11842","0","0","0","0",09:00:00,ESCOLA THAISMILE RUA M FEIRA 10,122,2
308,2023-08-20,EXAME ASKARAM AGOSTO 2023,FINALIZADO,"0","0","0","0","0",09:00:00,ACADEMIA PEQUENO MESTRE,12,2
309,2023-07-20,EXAME NAIKA JULHO DE 2023,FINALIZADO,"23747","0","0","0","0",18:00:00,AV SILVEIRA MARTINS VITORIA REGIA ESCOLA,28,2
310,2023-07-16,EXAME EQUILIBRIO JULHO 2023,AVALIACAO,"11842","0","0","0","0",09:00:00,EXAME JUNTO COM O CLUBE TEKIOSEI,55,2
311,2023-08-25,EXAME BUSHIDO AGOSTO 2023,AVALIACAO,"0","0","0","0","0",14:00:00,COLEGIO BOM PASTOR - WALDEMAR FALC�O,64,2
312,2023-07-29,EXAME GARRA JULHO 2023,AVALIACAO,"23747","0","0","0","0",09:00:00,BOA VISTA DE S�O CAETANO,34,2
313,2023-07-30,EXAME AKA SALVADOR JULHO 2023,FINALIZADO,"4436","0","0","0","0",08:00:00,SEDE CLUBE AKA - ITAIGARA,18,2
314,2023-07-29,EXAME DRAKON,FINALIZADO,"0","0","0","0","0",09:15:00,ACADEMIA DRAKON,23,2
315,2023-08-20,EXAME ASKAGI AGOSTO 2023,AVALIACAO,"0","0","0","0","0",09:00:00,"Santo Ant�nio de Jesus - Rua Macei�, 451 - Santa Rita (Select Training) O evento ocorrer� em dois momentos e em duas cid",19,2
316,2023-08-06,EXAME YU MAKOTO AGOSTO 2023,FINALIZADO,"8284","0","0","0","0",09:00:00,EXAME JUNTO COM O CLUBE SHUDOKAN,62,2
317,2023-08-06,EXAME SHUDOKAN AGOSTO 2023,INSCRICAO,"8284","0","0","0","0",09:00:00,COLEGIO ESTADUAL POLIVALENTE FEIRA DE SANTANA AV JO�O DURVAL CARNEIRO SN ,53,2
318,2023-09-10,EXAME SHIDOKAN TIGER SETEMBRO 2023,FINALIZADO,"0","0","0","0","0",09:00:00,"Escola Nossa Senhora de F�tima Avenida Ot�vio Mangabeira, N0 282",61,2
319,2023-09-02,EXAME HEIKA AGOSTO 2023,FINALIZADO,"0","0","0","0","0",15:30:00,Col�gio Lomanto em Itapu�,67,2
320,2023-09-01,EXAME GRADUA��O SUPERIOR - FKTMG,FINALIZADO,"24079","26717","0","0","0",18:00:00,"RUA ECLESIASTES, 630 - RESIDENCIAL AYRTON SENNA
IPATINGA / MINAS GERAIS",78,74
321,2023-09-01,EXAME GRADUA��O SUPERIOR - FKTMG,FINALIZADO,"24079","26717","0","0","0",18:00:00,"RUA ECLESIASTES, 630 - RESIDENCIAL AYRTON SENNA
IPATINGA / MINAS GERAIS",120,74
322,2023-09-02,EXAME NAIKA SETEMBRO 2023,FINALIZADO,"4436","11842","0","0","0",15:00:00,LOMANTO JUNIOR EM CONJUNTO COM HEIKA,28,2
323,2023-08-19,EXAME DE FAIXA 9� KYU A 3� KYU,FINALIZADO,"25896","25970","25893","0","0",18:00:00,ACADEMIA DOJO MB ARTES MARCIAIS,154,81
324,2023-09-16,EXAME ASKARF SET 2023,FINALIZADO,"16071","0","0","0","0",09:30:00,Academia podium Av. Dom Jo�o VI 146 Brotas  Salvador,54,2
325,2023-09-16,EXAME M COSME DE FARIAS SET 2023,AVALIACAO,"16071","0","0","0","0",09:00:00,EXAME NA ACADEMIA PODIUM JUNTO COM ASKARF,57,2
326,2023-04-29,EXAME DRAKON,AVALIACAO,"0","0","0","0","0",09:00:00,ACADEMIA DRAKON ITAPU�,23,2
327,2023-09-16,EXAME JINSEIKAN SETEMBRO 2023,FINALIZADO,"16071","0","0","0","0",09:00:00,EM CONJUNTO COM ASKARF ACADEMIA PODIUM,46,2
328,2023-11-26,EXAME SPORT TOMBA NOVEMBRO 2023,AVALIACAO,"23034","0","0","0","0",09:00:00,RUA TORQUATO N50 TOMBA FEIRA DE SANTANA SPAZIO DOM ITAMAR VIANA,73,2
329,2023-11-10,EXAME BUSHIDO NOVEMBRO 2023,AVALIACAO,"23034","0","0","0","0",14:00:00,"Col�gio Bom Pastor , rua Waldemar Falc�o, No 567 Bairro: Brotas. Ponto de refer�ncia: perto da Fiocruz.

",64,2
330,2023-12-02,EXAME NAIKA DEZEMBRO 2023,FINALIZADO,"4699","4695","0","0","0",09:00:00,CABULA ,28,2
331,2023-11-11,EXAME GRAD. FAIXAS DOJO BUSHIDO-TIMOTEO,FINALIZADO,"25643","0","0","0","0",15:00:00,"DOJO GENSEY
PRA�A 29 DE ABRIL N�302
CENTRO SUL
TIMOTEO / MG",121,74
332,2023-12-02,EXAME AKA BRUMADO DEZEMBRO 2023,INSCRICAO,"24094","0","0","0","0",09:00:00,BRUMADO AKA,18,2
333,2023-12-03,EXAME ASKAP DEZEMBRO 2023,AVALIACAO,"4714","6970","3644","0","0",08:30:00,VITORIA DA CONQUISTA,41,2
334,2023-12-17,EXAME NOVA GERA��O DEZEMBRO 2023,FINALIZADO,"4645","4699","0","0","0",09:00:00,FEIRA DE SANTANA AV AYRTON SENNA 6530,115,2
335,2023-11-10,EXAME MAJOR COSME DE FARIAS DEZEMBRO 2023,AVALIACAO,"23034","0","0","0","0",14:00:00,BROTAS BOM PASTOR JUNTO COM BUSHIDO,57,2
336,2023-11-04,EXAME MUSASHI NOVEMBRO 2023,FINALIZADO,"23034","0","0","0","0",09:00:00,R. Geraldo Suerdieck  Boca do Rio. Salvador ,24,2
337,2023-11-11,EXAME TEKIOSEI NOVEMBRO 2023,FINALIZADO,"4645","4699","0","0","0",09:00:00,ESCOLA ANA MARIA ALVES DOS SANTOS,122,2
338,2023-12-13,EXAME NAIKA DEZEMBRO 2023_2,FINALIZADO,"16071","0","0","0","0",16:30:00,RESGATE ESCOLA LOUSANE,28,2
339,2023-12-03,EXAME ARTSPORT DEZEMBRO 2023,FINALIZADO,"4714","6970","3644","0","0",09:00:00,VITORIA DA CONQUISTA EM CONJUNTO COM ASKAP,43,2
340,2023-12-10,EXAME HEIKA DEZEMBRO 2023,AVALIACAO,"23747","0","0","0","0",08:30:00,COMPLEXO ESPORTIVO ARMINDO BIRIBA,67,2
341,2023-11-26,EXAME ASKABEM DEZEMBRO 2023,INSCRICAO,"23034","0","0","0","0",09:00:00,EXAME EM CONJUNTO COM SPORT TOMBA,51,2
342,2023-12-10,EXAME ASKARAM DEZEMBRO 2023,FINALIZADO,"23722","0","0","0","0",09:00:00,ACADEMIA PEQUENO MESTRE FEIRA DE SANTANA,12,2
343,2023-12-10,EXAME ASKASCEF DEZEMBRO 2023,FINALIZADO,"24562","0","0","0","0",09:00:00,CIPO,11,2
344,2023-12-10,EXAME EQUILIBRIO DEZEMBRO 2023,FINALIZADO,"0","0","0","0","0",09:00:00,EQUIL�BRIO - FEIRA DE SANTANA,55,2
345,2023-12-17,EXAME MUSASHI DEZEMBRO 2023,FINALIZADO,"0","0","0","0","0",09:00:00,R. Geraldo Suerdieck  Boca do Rio. Salvador ,24,2
346,2023-11-18,EXAME GRAD. FAIXAS DOJO ARAUJO IPATINGA,FINALIZADO,"25643","0","0","0","0",15:00:00,"RUA ECLESIASTES - 630
RESIDENCIAL AYRTON SENNA
IPATINGA - MINAS GERAIS",78,74
347,2023-12-10,EXAME NINTAI DEZEMBRO 2023,INSCRICAO,"0","0","0","0","0",09:00:00,SEDE DA ACADEMIA ALAGOINHAS,29,2
348,2023-12-16,EXAME BUSHIDO DEZEMBRO 2023,AVALIACAO,"0","0","0","0","0",16:30:00,RUA TEIXEIRA BARROS 53 BROTAS,64,2
349,2023-12-17,EXAME OKINAWA DEZEMBRO 2023,AVALIACAO,"0","0","0","0","0",09:00:00,CEEP CICERO DANTAS,30,2
350,2023-12-02,EXAME ASKARF DEZEMBRO 2023,FINALIZADO,"0","0","0","0","0",08:00:00,EXAME JUNTO COM NAIKA - CABULA,54,2
351,2023-06-03,EXAME ASKASUDOESTE DEZEMBRO 2023,INSCRICAO,"4714","0","0","0","0",08:00:00,EXAME EM CONJUNTO COM ARTESPORT E TEKIOSEI,26,2
352,2023-12-16,EXAME ASKASUDOESTE DEZEMBRO 2023_2,AVALIACAO,"4714","0","0","0","0",13:30:00,PO�OES 143 PESSOAS,26,2
353,2023-12-17,EXAME SALVADOR DEZEMBRO 2023,FINALIZADO,"23747","0","0","0","0",09:00:00,EXAME EM CONJUNTO COM Musashi  Rua Geraldo Suerdick,10,2
354,2023-12-03,EXAME SHUDOKAN DEZEMBRO 2023,AVALIACAO,"8284","0","0","0","0",08:30:00,ESCOLA ALAN KARDEK ,53,2
355,2023-12-10,EXAME SPORT TOMBA DEZEMBRO 2023 ,AVALIACAO,"8284","0","0","0","0",09:00:00,EXAME EM CONJUNTO COM O CLUBE EQUILIBRIO,73,2
356,2023-12-23,EXAME GRAD. FAIXAS ASKTEF - CURVELO,FINALIZADO,"25720","0","0","0","0",16:00:00,"ASKTEF KARATE-DO TRADICIONAL - CURVELO
RUA DO AMPARO N�318
BELA VISTA II
CURVELO/MINAS GERAIS",116,74
357,2023-12-16,EXAME ASKABEM DEZEMBRO 2023,FINALIZADO,"0","0","0","0","0",16:30:00,RUA TEIXEIRA BARROS 53 BROTAS,51,2
358,2023-12-10,EXAME JINSEIKAN DEZEMBRO 2023,FINALIZADO,"23747","0","0","0","0",08:30:00,CONJUNTO COM HEIKA COMPLEXO ESPORTIVO ARMINDO BIRIBA,46,2
359,2023-12-17,EXAME TEKIOSEI DEZEMBRO 2023,FINALIZADO,"4645","4699","0","0","0",09:00:00,EXAME EM CONJUNTO COM NOVA GERA��O FEIRA DE SANTANA,122,2
360,2023-12-16,EXAME GARRA DEZEMBRO 2023,AVALIACAO,"0","0","0","0","0",09:00:00,RUA RAPOLD FILHO DE BAIXO 46 BOA VISTA DE SAO CAETANO,34,2
361,2023-12-10,EXAME SHUDOKAN DEZEMBRO 2023,AVALIACAO,"23722","0","0","0","0",09:00:00,EXAME EM CONJUNTO COM ASKARAM NO SESC TOMBA,53,2
362,2023-12-10,EXAME POMBAL DEZEMBRO 2023,FINALIZADO,"24562","0","0","0","0",08:30:00,EXAME EM CONJUNTO COM O CLUBE ASKASCEF,25,2
363,2023-12-16,EXAME DRAKON DEZEMBRO 2023,AVALIACAO,"23747","0","0","0","0",09:00:00,DRAKON ITAPU�,23,2
364,2023-12-18,EXAME GRAD. FAIXAS DOJO GENSEY - SINERGIA,FINALIZADO,"25643","0","0","0","0",19:00:00,"ACADEMIA SINERGIA
RUA CONTAGEM - 104
BAIRRO ANA MALAQUIAS
TIMOTEO - MINAS GERAIS",112,74
365,2023-12-17,EXAME HEIKA DEZEMBRO 2023_2,FINALIZADO,"23747","0","0","0","0",09:00:00,EXAME EM CONJUNTO COM MUSASHI,67,2
366,2024-01-30,EXAME AKA SSA JANEIRO 2024,FINALIZADO,"4699","0","0","0","0",19:00:00,ACADEMIA AKA PITUBA - SALVADOR,18,2
367,2024-03-23,EXAME GRAD. FAIXAS DOJO ARAUJO IPATINGA,FINALIZADO,"25643","0","0","0","0",15:00:00,"DOJO ARAUJO - IPATINGA
RUA ECLESIASTES N �630
RESID. AYRTON SENNA
IPATINGA/MINAS GERAIS",78,74
368,2024-03-23,EXAME NAIKA MAR�O 2024,AVALIACAO,"27467","0","0","0","0",15:00:00,LOCAL NAIKA ENGENHO VELHO DE BROTAS,28,2
369,2024-03-23,EXAME AKA SSA MAR�O 2024,FINALIZADO,"0","0","0","0","0",09:00:00,ENGENHO VELHO DE BROTAS - EXAME EM CONJUNTO COM NAIKA,18,2
370,2024-04-14,EXAME ASKARAM ABRIL 2024,FINALIZADO,"27467","0","0","0","0",09:00:00,SEDE DA ASKARAM EM FEIRA DE SANTANA,12,2
371,2024-06-16,EXAME ASKAP JUNHO 2024,FINALIZADO,"4714","0","0","0","0",08:30:00,"Vit�ria da Conquista  Ba, Quadra Zelia Saldanha",41,2
372,2024-05-24,EXAME BUSHIDO MAIO 2024 ,INSCRICAO,"25247","0","0","0","0",14:00:00,"Col�gio Bom Pastor ? Rua Waldemar Falc�o, 567 Bairro: Brotas. (Ponto de refer�ncia: Perto da Fiocruz).",64,2
373,2024-05-18,EXAME SPORT TOMBA MAIO 2024,FINALIZADO,"23747","27562","0","0","0",15:00:00,COLEGIO POLIVALENTE FEIRA DE SANTANA,73,2
374,2024-04-20,EXAME HEIKA ABRIL 2024,AVALIACAO,"23722","11842","0","0","0",16:00:00,C. E. G. Lomanto Junior. Itapu� ,67,2
375,2024-05-19,EXAME NINTAI MAIO 2024,AVALIACAO,"4436","0","0","0","0",09:30:00,LOCAL A DEFINIR,29,2
376,2024-05-18,EXAME TEKIOSEI MAIO 2024,AVALIACAO,"0","0","0","0","0",14:00:00,SEDE TEKIOSEI DOJO FEIRA DE SANTANA,122,2
377,2024-04-27,EXAME ASKARF ABRIL 2024,FINALIZADO,"0","0","0","0","0",09:00:00,"Academia podium , rua D. Jo�o VI - Brotas",54,2
378,2024-05-18,EXAME MUSASHI MAIO 2024,AVALIACAO,"24094","0","0","0","0",09:00:00,"R. Geraldo Suerdieck - Boca do Rio. Salvador - BA, 41706-780",24,2
379,2024-05-18,EXAME SHUDOKAN MAIO 2024,FINALIZADO,"23747","27562","0","0","0",14:00:00,Em conjunto com Sport Tomba Col Est Polivalente Feira de Santana ,53,2
380,2024-06-01,EXAME AKA BRUMADO JUNHO 2024,INSCRICAO,"4714","23652","0","0","0",16:00:00,BRUMADO AKA DOJO,18,2
381,2024-05-18,EXAME YU MAKOTO MAIO 2024,FINALIZADO,"23747","27562","0","0","0",14:00:00,Col�gio ESTADUAL POLIVALENTE de Feira de Santana-BA,62,2
382,2024-05-18,EXAME ASKABEM MAIO 2024,FINALIZADO,"23747","27562","0","0","0",14:00:00,EXAME EM CONJUNTO COM SPORT TOMBA - COLEGIO POLIVALENTE FEIRA DE SANTANA,51,2
383,2024-06-01,EXAME ARTSPORT JUNHO 2024,FINALIZADO,"4645","0","0","0","0",15:00:00,VITORIA DA CONQUISTA EXAME REALIZADO NO DIA 01.06.2024,43,2
384,2024-06-02,EXAME EQUILIBRIO JUNHO 2024,AVALIACAO,"0","0","0","0","0",09:00:00,SEDE DO CLUBE,55,2
385,2024-06-08,EXAME SHIDOKAN TIGER JUNHO 2024,AVALIACAO,"23722","0","0","0","0",08:00:00,BRUMADO,61,2
386,2024-06-16,EXAME NOVA GERA��O JUNHO 2024,FINALIZADO,"8284","0","0","0","0",09:00:00,SEDE DO CLUBE  FEIRA DE SANTANA,115,2
387,2024-06-08,EXAME ASKASUDOESTE JUNHO 2024,INSCRICAO,"6970","23652","3644","0","0",13:00:00,PO��ES ,26,2
388,2024-07-13,EXAME GRAD. FAIXAS DOJO ARAUJO IPATINGA,FINALIZADO,"25734","0","0","0","0",15:00:00,"DOJO ARAUJO KARATE
R. ECLESIASTES N�630
RES. AYRTON SENNA
IPATINGA-MINAS GERAIS",78,74
389,2024-06-15,EXAME NAIKA JUNHO 2024,AVALIACAO,"4699","0","0","0","0",09:00:00,EXAME NA SEDE NAIKA SALVADOR,28,2
390,2024-06-15,EXAME GARRA JUN 2024,INSCRICAO,"11842","0","0","0","0",09:00:00,"EXAME RUA DIREITA DO BOM JU�, ESCOLA AMIGO REI, NO FINAL DE LINHA, POR�XIMO A IGREJA CATOLICA",34,2
391,2024-06-16,EXAME SPORT TOMBA JUNHO 2024,FINALIZADO,"0","0","0","0","0",09:00:00,CONJUNTO COM NOVA GERA��O,73,2
392,2024-06-16,EXAME ASKARAM JUN 2024,AVALIACAO,"27467","0","0","0","0",09:00:00,SEDE DO CLUBE,12,2
393,2024-06-15,EXAME ASKABEM JUN 2024,INSCRICAO,"11842","0","0","0","0",09:00:00,EXAME EM CONJUNTO COM A GARRA,51,2
394,2023-12-03,EXAME YU MAKOTO DEZ 2023,AVALIACAO,"0","0","0","0","0",09:00:00,FEIRA DE SANTANA,62,2
395,2024-07-06,EXAME ARTSPORT JULHO 2024,FINALIZADO,"4645","0","0","0","0",09:00:00,EXAME EXTRA ART SPORT REFERENTE AO EXAME DE 01 DE JUNHO DE 2024 UNICA ATLETA,43,2
396,2024-07-13,EXAME DRAKON JULHO 2024,FINALIZADO,"0","0","0","0","0",09:00:00,Sede do Clube em Itapu�,23,2
397,2024-07-14,EXAME MUSASHI JULHO 2024,FINALIZADO,"0","0","0","0","0",09:00:00,BOCA DO RIO. BOA LUTA,24,2
398,2024-08-31,EXAME SHUDOKAN AGOSTO 2024,AVALIACAO,"0","0","0","0","0",14:00:00,FEIRA DE SANTANA EXAME JUNTO COM TEKIOSEI,53,2
399,2024-06-14,EXAME EQUILIBRIO JUNHO 2024,AVALIACAO,"23722","0","0","0","0",09:00:00,EXAME EM CONJUNTO COM O CLUBE MUSASHI,55,2
400,2024-07-28,EXAME ASKASCEF JULHO 2024,AVALIACAO,"0","0","0","0","0",08:00:00,C�CERO DANTAS EM CONJUNTO COM OKINAWA,11,2
401,2024-08-03,EXAME HEIKA AGOSTO 2024,AVALIACAO,"0","0","0","0","0",15:00:00,ITAPUA,67,2
402,2024-07-28,EXAME OKINAWA JULHO 2024,AVALIACAO,"0","0","0","0","0",08:00:00,Col�gio s�o Jos�,30,2
403,2024-07-28,EXAME POMBAL JULHO 2024,AVALIACAO,"0","0","0","0","0",08:00:00,Col�gio S�o Jos�,25,2
404,2024-09-13,EXAME BUSHIDO SETEMBRO 2024,AVALIACAO,"0","0","0","0","0",14:00:00,COL�GIO BOM PASTOR - BROTAS,64,2
405,2024-08-03,EXAME AKA AGOSTO 2024,FINALIZADO,"27467","11842","0","0","0",15:00:00,COL�GIO ESTADUAL LOMANTO JR. EM CONJUNTO COM HEIKA,18,2
406,2024-08-31,EXAME ASKAGI AGOSTO 2024,AVALIACAO,"0","0","0","0","0",10:00:00,SANTO ANTONIO DE JESUS,19,2
407,2024-08-18,EXAME ASKARF AGOSTO 2024,AVALIACAO,"0","0","0","0","0",09:00:00,"Academia podium , rua D. Jo�o VI - Brotas.",54,2
408,2024-08-25,EXAME HEIKA AGOSTO 2024_2,FINALIZADO,"0","0","0","0","0",09:00:00,EXAME EM PO��ES,67,2
409,2024-08-18,EXAME JINSEIKAN AGOSTO 2024,FINALIZADO,"0","0","0","0","0",08:30:00,EXAME EM CONJUNTO COM O CLUBE ASKARF A SER REALIZADO EM BROTAS NA P�DIUM,46,2
410,2024-08-31,EXAME TEKIOSEI AGOSTO 2024,AVALIACAO,"0","0","0","0","0",14:00:00,EXAME A SER REALIZADO EM FEIRA DE SANTANA,122,2
411,2024-09-21,EXAME NAIKA SETEMBRO 2024,AVALIACAO,"0","0","0","0","0",14:00:00,"EXAME NAIKA COL�GIO FAVO DE MEL, Bairro do Resgate, Cabula Ao lado do Bradesco na Silveira Martins",28,2
412,2024-09-03,EXAME SHUDOKAN SETEMBRO 2024,AVALIACAO,"0","0","0","0","0",18:30:00,BENVINDO_EXAME EM PARCERIA COM SHUDOKAN_FEIRA DE SANTANA,53,2
413,2024-09-28,EXAME HEIKA SETEMBRO 2024,AVALIACAO,"0","0","0","0","0",15:00:00,HEIKA PIAT�,67,2
414,2024-09-14,EXAME GARRA SETEMBRO 2024,AVALIACAO,"0","0","0","0","0",09:00:00,"RUA RAPOLD FILHO DE BAIXO, 46, BOA VISTA DO S�O CAETANO",34,2
415,2024-10-25,EXAME BUSHIDO OUTUBRO 2024,AVALIACAO,"24094","0","0","0","0",14:00:00,ESCOLA BOM PASTOR BROTAS,64,2
416,2024-10-20,EXAME ASKARAM OUTUBRO 2024,AVALIACAO,"0","0","0","0","0",09:00:00,Academia Pequeno Mestre Rua Professora Bertulina Craneiro Campo Limpo.,12,2
417,2024-08-16,EXAME ASKARAM - CORRE��O,FINALIZADO,"0","0","0","0","0",09:00:00,EXAME DE CORRE��O,12,2
418,2024-09-28,EXAME DRAKON SETEMBRO 2024,FINALIZADO,"24094","24079","0","0","0",14:00:00,EXAME EM CONJUNTO COM HEIKA_SEDE DO CLUBE HEIKA,23,2
419,2025-01-26,EXAME  ASKARAM JANEIRO 2025,AVALIACAO,"4645","0","0","0","0",09:00:00,EXAME DE CORRE��O DE ATLETA,12,2
420,2024-12-10,EXAME GRAD. FAIXAS ASKTEF-CURVELO,FINALIZADO,"25720","0","0","0","0",16:00:00,"RUA DO AMPARO N�318
BELA VISTA II
CURVELO/MG",116,74
421,2024-09-13,EXAME MAJOR C DE FARIAS SETEMBRO 2024,AVALIACAO,"0","0","0","0","0",14:00:00,EXAME EM CONJUNTO COM OUTRO CLUBE,57,2
422,2024-11-24,EXAME SPORT TOMBA NOVEMBRO 2024,AVALIACAO,"0","0","0","0","0",08:30:00,SESC TOMBA - FEIRA DE SANTANA,73,2
423,2024-11-30,EXAME SHUDOKAN NOVEMBRO DE 2024,FINALIZADO,"0","0","0","0","0",14:00:00,FEIRA DE SANTANA  DISPENS�RIO SANTANA,53,2
424,2024-11-23,EXAME GRAD. FAIXAS DOJO ARAUJO IPATINGA,FINALIZADO,"25734","0","0","0","0",15:45:00,"RUA ECLESIASTES N�630
AYRTON SENNA
IPATINGA/MINAS GERAIS",78,74
425,2024-11-30,EXAME NAIKA NOVEMBRO 2024,AVALIACAO,"0","0","0","0","0",14:00:00,COLEGIO VITORIA REGIA,28,2
426,2024-11-23,EXAME AKA BRUMADO NOVEMBRO 2024,AVALIACAO,"0","0","0","0","0",16:00:00,BRUMADO,18,2
427,2024-12-08,EXAME ARTSPORT DEZEMBRO 2024,FINALIZADO,"0","0","0","0","0",09:00:00,VITORIA DA CONQUISTA,43,2
428,2024-11-24,EXAME YU MAKOTO NOVEMBRO 2024,AVALIACAO,"0","0","0","0","0",08:00:00,EXAME EM CONJUNTO COM SPORTOMBA FEIRA DE SANTANA,62,2
429,2024-12-22,EXAME NOVA GERA��O DEZEMBRO 2024,AVALIACAO,"0","0","0","0","0",09:00:00,FEIRA DE SANTANA,115,2
430,2024-12-08,EXAME HEIKA DEZEMBRO 2024,FINALIZADO,"0","0","0","0","0",09:00:00,ITAPU�,67,2
431,2024-11-23,EXAME ASKARF NOVEMBRO 2024,AVALIACAO,"4645","0","0","0","0",08:00:00,BROTAS,54,2
432,2024-11-24,EXAME ASKABEM DEZEMBRO 2024,AVALIACAO,"0","0","0","0","0",08:00:00,EXAME EM CONJUNTO COM SPORT TOMBA FEIRA DE SANTANA SESC,51,2
433,2024-12-15,EXAME  ASKARAM DEZEMBRO 2024,FINALIZADO,"0","0","0","0","0",09:00:00,FEIRA DE SANTANA,12,2
434,2024-12-08,EXAME MUSASHI DEZEMBRO 2024,FINALIZADO,"0","0","0","0","0",09:00:00,"R. Geraldo Suerdieck - Boca do Rio. Salvador - BA, 41706-780",24,2
435,2024-12-08,EXAME ASKASUDOESTE DEZEMBRO 2024,AVALIACAO,"0","0","0","0","0",13:30:00,Gin�sio de Esportes - Po��es BA,26,2
436,2024-12-15,EXAME OKINAWA DEZEMBRO 2024,AVALIACAO,"0","0","0","0","0",08:00:00,SAL�O DE EVENTOS DO COL�GIO S�O JOS�,30,2
437,2024-07-09,EXAME ASKASUDOESTE JULHO 2024,INSCRICAO,"0","0","0","0","0",09:00:00,EXAME DE CORRE��O ASKASUDOESTE,26,2
438,2024-09-10,EXAME ASKASUDOESTE AGOSTO 2024,AVALIACAO,"0","0","0","0","0",09:00:00,EXAME DE CORRE��O ASKASUDOESTE_2,26,2
439,2024-12-14,EXAME AKA DEZEMBRO 2024,INSCRICAO,"0","0","0","0","0",08:30:00,AKA ITAIGARA,18,2
440,2024-12-14,EXAME BUSHIDO DEZEMBRO 2024,AVALIACAO,"0","0","0","0","0",09:00:00,SALVADOR BROTAS,64,2
441,2024-11-30,EXAME TEKIOSEI DEZEMBRO 2024,AVALIACAO,"0","0","0","0","0",14:00:00,EXAME EM CONJUNTO COM SHUDOKAN  DISPENS�RIO SANTANA,122,2
442,2024-06-15,EXAME NINTAI JUNHO 2024,AVALIACAO,"0","0","0","0","0",09:00:00,EXAME DE CORRE��O,29,2
443,2024-12-14,EXAME MAJOR C DE FARIAS DEZEMBRO 2024,INSCRICAO,"0","0","0","0","0",14:00:00,BROTAS EM CONJUNTO COM BUSHIDO,57,2
444,2024-12-08,EXAME ASKABEM DEZEMBRO 2024,AVALIACAO,"0","0","0","0","0",08:00:00,BOCA DO RIO EM CONJUNTO COM MUSASHI,51,2
445,2022-03-05,EXAME SPORT TOMBA MAR�O 2022,AVALIACAO,"0","0","0","0","0",09:00:00,EXAME DE CORRE��O,73,2
446,2024-12-15,EXAME ASKASCEF DEZEMBRO 2024,AVALIACAO,"0","0","0","0","0",08:00:00,EXAME EM CONJUNTO COM OKINAWA,11,2
447,2024-11-30,EXAME ASKARF NOVEMBRO 2024,AVALIACAO,"0","0","0","0","0",14:00:00,EXAME EM CONJUNTO COM NAIKA,54,2
448,2024-12-21,EXAME TEKIOSEI DEZEMBRO 2024 ,AVALIACAO,"0","0","0","0","0",09:00:00,EXAME DE CORRE��O,122,2
449,2024-12-08,EXAME ASKAP DEZEMBRO 2024,FINALIZADO,"0","0","0","0","0",09:00:00,EXAME  EM CONJUNTO COM O CLUBE ARTSPORT,41,2
450,2024-12-08,EXAME NAIKA DEZEMBRO 2024_COMPLEMENTO,FINALIZADO,"0","0","0","0","0",09:00:00,EXAME EM CONJUNTO COM O CLUBE HEIKA,28,2
451,2024-12-15,EXAME POMBAL DEZEMBRO 2024,AVALIACAO,"0","0","0","0","0",08:30:00,EXAME EM CONJUNTO COM O CLUBE OKINAWA EM C�CERO DANTAS,25,2
452,2024-12-21,EXAME GARRA DEZEMBRO 2024,FINALIZADO,"0","0","0","0","0",09:00:00,"RUA RAPOLD FILHO DE BAIXO, 46, BOA VISTA DO S�O CAETANO",34,2
453,2024-12-21,EXAME GRAD. FAIXAS ASKTES - J. NEIVA,AVALIACAO,"25737","0","0","0","0",09:00:00,"GIN�SIO TETA ARENA DE FUTSAL
RUA PEDRO PASSOS N�08 - S�O CARLOS II
JO�O NEIVA - ES",119,74
454,2024-12-20,EXAME GRAD. FAIXAS DOJO GENSEY,AVALIACAO,"25643","0","0","0","0",19:00:00,"ACADEMIA SINERGIA
RUA CONTAGEM N�104
ANA MALAQUIAS
TIMOTEO/MG",112,74
455,2024-12-14,EXAME DRAKON DEZEMBRO 2024,FINALIZADO,"24094","24079","0","0","0",09:00:00,DRAKON ITAPU�,23,2
456,2024-12-15,EXAME EQUILIBRIO DEZEMBRO 2024,AVALIACAO,"0","0","0","0","0",09:00:00,FEIRA DE SANTANA,55,2
457,2024-12-22,EXAME TEKIOSEI DEZEMBRO 2024,FINALIZADO,"0","0","0","0","0",09:00:00,EXAME EM CONJUNTO COM O CLUBE NOVA GERA��O FEIRA DE SANTANA,122,2
458,2024-12-21,EXAME ASKARF DEZ 2024,AVALIACAO,"0","0","0","0","0",09:00:00,CLUBE ASBAC PITUBA,54,2
459,2024-12-21,EXAME JINSEIKAN DEZ 2024,AVALIACAO,"0","0","0","0","0",09:00:00,CLUBE ASBAC PITUBA EM CONJUNTO COM ASKARF,46,2
460,2024-12-22,EXAME YU MAKOTO DEZ 2024,INSCRICAO,"0","0","0","0","0",09:00:00,EXAME EM CONJUNTO COM O CLUBE NOVA GERA��O FEIRA DE SANTANA,62,2
461,2024-12-08,EXAME NINTAI DEZEMBRO 2024,AVALIACAO,"0","0","0","0","0",09:00:00,ALAGOINHAS,29,2
462,2025-02-23,EXAME HEIKA FEVEREIRO 2025,AVALIACAO,"0","0","0","0","0",09:00:00,PO��ES,67,2
463,2025-04-13,EXAME ASKARAM ABRIL 2025,AVALIACAO,"0","0","0","0","0",09:00:00,SEDE DA ACADEMIA PEQUENO MESTRE,12,2
464,2025-04-13,EXAME NOVA GERA��O ABRIL 2025,AVALIACAO,"0","0","0","0","0",09:00:00,FEIRA DE SANTANA,115,2
465,2025-03-23,EXAME HEIKA MAR�O 2025,AVALIACAO,"0","0","0","0","0",09:00:00,SEDE DO CLUBE EM PIAT�,67,2
466,2025-03-23,EXAME MUSASHI MAR�O 2025,AVALIACAO,"0","0","0","0","0",09:00:00,EXAME EM CONJUNTO COM HEIKA,24,2
467,2025-03-29,EXAME NAIKA MAR 2025,FINALIZADO,"0","0","0","0","0",14:00:00,ENGENHO VELHO DE BROTAS,28,2
468,2025-05-25,EXAME SHUDOKAN MAI 2025,AVALIACAO,"0","0","0","0","0",09:00:00,FEIRA DE SANTANA SEDE DO CLUBE,53,2
469,2025-03-29,EXAME DRAKON MAR 2025,FINALIZADO,"0","0","0","0","0",15:00:00,SEDE DO CLUBE ITAPU�,23,2
470,2025-04-13,EXAME EQUILIBRIO ABR 2025,AVALIACAO,"0","0","0","0","0",09:00:00,EXAME EM CONJUNTO COM O CLUBE ASKARAM,55,2
471,2025-04-12,EXAME GRAD. FAIXAS DOJO ARAUJO IPATINGA,FINALIZADO,"25734","25643","0","0","0",15:00:00,"RUA ECLESIASTES 630 - RESIDENCIAL AYRTON SENNA 
IPATINGA/MG",78,74
472,2025-06-08,EXAME ASKAP JUN 2025,AVALIACAO,"0","0","0","0","0",08:30:00,SEDE DO CLUBE ASKAP VITORIA DA CONQUISTA,41,2
473,2025-05-24,EXAME BUSHIDO MAI 2025,AVALIACAO,"0","0","0","0","0",09:00:00,COL�GIO BOM PASTOR ,64,2
474,2025-05-25,EXAME YU MAKOTO MAI 2025,AVALIACAO,"0","0","0","0","0",09:00:00,EXAME EM CONJUNTO COM SHUDOKAN FEIRA DE SANTANA,62,2
475,2025-05-18,EXAME SPORT TOMBA MAI 2025,AVALIACAO,"0","0","0","0","0",09:00:00,COLEGIO POLIVALENTE FEIRA DE SANTANA,73,2
476,2025-05-18,EXAME ASKAGI MAI 2025,FINALIZADO,"0","0","0","0","0",09:00:00,EXAME EM CONJUNTO COM SPORT TOMBA FEIRA DE SANTANA,19,2
477,2025-05-18,EXAME TEKIOSEI MAI 2025,AVALIACAO,"0","0","0","0","0",09:00:00,"ESCOLA ANA MARIA FEIRA X, FEIRA DE SANTANA",122,2
478,2025-05-25,EXAME NINTAI MAIO 2025,INSCRICAO,"0","0","0","0","0",09:30:00,EXAME EM ALAGOINHAS,29,2
479,2025-06-08,EXAME ARTSPORT JUNHO 2025,AVALIACAO,"0","0","0","0","0",09:00:00,VITORIA DA CONQUISTA,43,2
480,2025-06-01,EXAME AKA CONQUISTA MAI 2025,FINALIZADO,"0","0","0","0","0",14:00:00,VITORIA DA CONQUISTA RESPONS�VEL CAROL,18,2
481,2025-05-31,EXAME ASKASUDOESTE MAI 2025,AVALIACAO,"0","0","0","0","0",09:00:00,Gin�sio de Esportes - Po��es BA,26,2
482,2025-05-18,EXAME ASKABEM MAI 2025,FINALIZADO,"0","0","0","0","0",09:00:00,EXAME EM CONJUNTO COM SPORT TOMBA,51,2
483,2025-06-15,EXAME NOVA GERA��O JUN 2025,INSCRICAO,"0","0","0","0","0",09:00:00,BAIRRO MANGABEIRA,115,2
484,2025-06-15,EXAME ASKARAM JUN 2025,AVALIACAO,"0","0","0","0","0",09:00:00,FEIRA DE SANTANA,12,2
485,2025-05-17,EXAME MUSASHI MAI 2025,AVALIACAO,"23722","0","0","0","0",14:00:00,PROJETO BOA LUTA BOCA DO RIO,24,2
486,2025-06-08,EXAME HEIKA JUN 2025,INSCRICAO,"0","0","0","0","0",09:00:00,PIAT�,67,2
487,2025-05-24,EXAME ASKARF MAI 2025,FINALIZADO,"0","0","0","0","0",09:00:00,EXAME EM CONJUNTO COM O CLUBE BUSHID�,54,2
488,2025-06-15,EXAME AKA BRUMADO JUN 2025,AVALIACAO,"0","0","0","0","0",09:00:00,EXAME AKA BRUMADO,18,2
489,2025-06-08,EXAME EQUILIBRIO JUN 2025,INSCRICAO,"0","0","0","0","0",09:00:00,SEDE DO CLUBE EQUILIBRIO,55,2
490,2025-05-31,EXAME HEIKA PO��ES MAI 2025,AVALIACAO,"0","0","0","0","0",09:00:00,EXAME EM PO��ES EM CONJUNTO COM ASKASUDOESTE,67,2
491,2025-06-22,EXAME OKINAWA JUN 2025,AVALIACAO,"0","0","0","0","0",08:00:00,GIN�SIO DE ESPORTE DA CIDADE,30,2
492,2025-06-15,EXAME SHUDOKAN JUN 2025,AVALIACAO,"0","0","0","0","0",09:00:00,EXAME EM CONJUNTO COM O CLUBE ASKARAM,53,2
493,2025-09-14,EXAME SHIDOKAN TIGER SET 2025,INSCRICAO,"0","0","0","0","0",08:00:00,SEDE DO CLUBE EM BRUMADO,61,2
494,2025-06-15,EXAME NAIKA JUN 2025,FINALIZADO,"0","0","0","0","0",08:00:00,COLEGIO VITORIA REGIA,28,2
495,2025-06-17,EXAME AKA SALVADOR JUN 2025,AVALIACAO,"0","0","0","0","0",19:00:00,AKA - ITAIGARA,18,2
496,2025-06-15,EXAME MAJ COS FARIAS JUN 2025,INSCRICAO,"0","0","0","0","0",09:00:00,EXAME EM CONJUNTO COM O CLUBE NAIKA,57,2
497,2025-06-22,EXAME POMBAL JUN 2025,INSCRICAO,"0","0","0","0","0",08:00:00,EXAME EM CONJUNTO COM CLUBE OKINAWA EM C�CERO DANTAS,25,2
498,2025-06-22,EXAME ASKASCEF JUN 2025,FINALIZADO,"0","0","0","0","0",09:00:00,EXAME EM CONJUNTO COM OKINAWA CICERO DANTAS,11,2
499,2025-07-30,EXAME ASKASUDOESTE MAI 2025_AJUSTE,AVALIACAO,"0","0","0","0","0",09:00:00,EXAME DE AJUSTE DE IDADE,26,2
500,2025-08-29,EXAME GRAD. FAIXAS ASKTEF-CURVELO,INSCRICAO,"25720","0","0","0","0",19:00:00,"RUA DO AMPARO 318
BAIRRO BELA VISTA II
CURVELO/MG
CEP 35796-246",116,74
501,2025-08-23,EXAME GRAD. FAIXAS DOJO ARAUJO IPATINGA,INSCRICAO,"25734","25643","0","0","0",15:00:00,"RUA ECLESIASTES 630
RESIDENCIAL AYRTON SENNA
IPATINGA/MG
CEP 35164-392",78,74
502,2025-08-31,EXAME MUSASHI AGO 2025,INSCRICAO,"0","0","0","0","0",09:00:00,BOCA DO RIO PROJETO BOA LUTA,24,2
503,2025-07-26,EXAME DRAKON JUL 2025,FINALIZADO,"0","0","0","0","0",09:00:00,SEDE DO CLUBE ITAPU�,23,2
504,2025-07-26,EXAME GARRA JUL 2025,INSCRICAO,"0","0","0","0","0",09:00:00,SEDE DO CLUBE,34,2
505,2025-07-26,EXAME JINSEIKAN JUL 2025,FINALIZADO,"0","0","0","0","0",09:00:00,EM CONJUNTO COM DRAKON,46,2
506,2025-11-08,EXAME HEIKA 2025 AJUSTE,AVALIACAO,"0","0","0","0","0",09:00:00,EXAME EM CONJUNTO COM DRAKON AJUSTE DE ATLETA,67,2
507,2025-08-17,EXAME AKA BRUMADO AGO 2025,INSCRICAO,"0","0","0","0","0",09:00:00,EXAME EM BRUMADO DOJO INTERIOR      AKA,18,2
508,2025-08-02,EXAME AKA BRUMADO AGO 2025  AJUSTE ,AVALIACAO,"0","0","0","0","0",09:00:00,EXAME DE AJUSTE DE IDADE - ATLETA INSERIDO COM MENOS DE 5 ANOS E 6 MESES PELO CLUBE,18,2
509,2025-08-23,EXAME GRAD. FAIXAS DOJO ARAUJO IPATINGA,INSCRICAO,"25734","25643","0","0","0",15:00:00,"RUA ECLESIASTES 630, RESIDENCIAL AYRTON SENNA - IPATINGA/MG",78,74
510,2025-08-23,EXAME ASKAGI AGO 2025,AVALIACAO,"0","0","0","0","0",09:00:00,EXAME NA SEDE DO CLUBE,19,2
511,2025-08-30,EXAME BUSHIDO AGO 2025,INSCRICAO,"0","0","0","0","0",08:00:00,EXAME NO COL�GIO BOM PASTOR,64,2
512,2025-08-31,EXAME ASKABEM AGO 2025,INSCRICAO,"0","0","0","0","0",09:00:00,EXAME EM CONJUNTO COM O CLUBE MUSASHI,51,2
513,2025-08-02,EXAME GARRA AGO 2025,INSCRICAO,"0","0","0","0","0",09:00:00,EXAME REALIZADO NA SEDE DO CLUBE,34,2
514,2025-09-14,EXAME NOVA GERA��O SET 2025,AVALIACAO,"0","0","0","0","0",09:00:00,FEIRA DE SANTANA AVENIDA AYRTON SENA 5530 MANGABEIRA,115,2
